County,Year,Estimated Population,Labor Force,Employed,Unemployed,Handgun Crimes,Drug Violations,Personal Income,Personal Income Per Capita,GINI Coefficient
Anderson,2001,"71,323","34,442","32,805","1,637",78,243,1802692,25308,0.435378277
Anderson,2002,"71,354","34,675","33,020","1,655",101,342,1912135,26810,
Anderson,2003,"71,382","34,770","32,928","1,842",113,501,2006019,28114,
Anderson,2004,"71,338","34,744","33,030","1,714",113,479,2069618,28994,
Anderson,2005,"71,747","34,933","33,131","1,802",104,357,2088892,29282,
Anderson,2006,"72,810","35,738","34,042","1,696",89,393,2162502,30141,
Anderson,2007,"73,322","35,386","33,825","1,561",148,524,2289668,31447,0.453
Anderson,2008,"74,169","35,798","33,708","2,090",94,541,2428499,33121,
Anderson,2009,"74,849","36,043","32,501","3,542",83,743,2545065,34308,
Anderson,2010,"75,129","36,211","32,961","3,250",92,741,2533690,33851,
Bedford,2001,"38,538","19,880","18,837","1,043",64,76,872644,23072,0.427121963
Bedford,2002,"39,185","19,967","18,862","1,105",52,115,921216,23904,
Bedford,2003,"40,002","20,889","19,456","1,433",46,131,929776,23728,
Bedford,2004,"40,981","21,068","19,923","1,145",57,113,1002534,25062,
Bedford,2005,"42,147","21,693","20,515","1,178",60,122,1072692,26175,
Bedford,2006,"43,444","22,152","20,989","1,163",63,116,1137289,26984,
Bedford,2007,"44,531","22,675","21,540","1,135",56,146,1199377,27607,0.436
Bedford,2008,"44,696","22,488","20,958","1,530",26,130,1273007,28587,
Bedford,2009,"45,947","22,413","19,691","2,722",52,178,1318458,29051,
Bedford,2010,"45,058","22,945","20,285","2,660",44,165,1298265,28256,
Benton,2001,"16,626","7,113","6,592",521,13,92,328453,19864,0.413341714
Benton,2002,"16,479","6,978","6,460",518,16,91,328727,19772,
Benton,2003,"16,381","6,983","6,308",675,21,113,333925,20264,
Benton,2004,"16,322","6,860","6,278",582,14,134,338412,20659,
Benton,2005,"16,265","6,819","6,254",565,17,148,342321,20973,
Benton,2006,"16,139","6,945","6,448",497,15,145,363007,22318,
Benton,2007,"16,152","6,910","6,472",438,11,116,374535,23207,0.436
Benton,2008,"16,193","7,059","6,440",619,10,118,396728,24562,
Benton,2009,"16,025","7,052","6,078",974,6,82,415282,25840,
Benton,2010,"16,489","7,076","6,192",884,19,78,420609,26247,
Bledsoe,2001,"12,476","4,965","4,719",246,11,27,219329,17668,0.478977565
Bledsoe,2002,"12,457","5,089","4,791",298,9,33,224229,17973,
Bledsoe,2003,"12,523","5,013","4,634",379,14,30,226045,18146,
Bledsoe,2004,"12,634","4,786","4,424",362,13,37,235567,18811,
Bledsoe,2005,"12,702","4,665","4,298",367,8,31,247787,19613,
Bledsoe,2006,"12,867","4,864","4,547",317,4,17,264374,20814,
Bledsoe,2007,"13,056","4,877","4,583",294,10,30,280200,21777,0.42
Bledsoe,2008,"13,142","4,923","4,508",415,6,18,292080,22371,
Bledsoe,2009,"12,967","4,930","4,243",687,9,15,297282,22669,
Bledsoe,2010,"12,876","4,896","4,269",627,5,35,295721,22806,
Blount,2001,"107,929","55,864","53,459","2,405",149,457,2582287,24313,0.428181931
Blount,2002,"109,512","56,933","54,468","2,465",126,291,2699638,25013,
Blount,2003,"111,091","57,621","54,987","2,634",123,311,2839933,25933,
Blount,2004,"113,051","58,571","56,059","2,512",126,334,3015622,27146,
Blount,2005,"115,174","59,769","56,962","2,807",103,419,3119730,27596,
Blount,2006,"118,037","61,616","58,937","2,679",148,328,3274238,28429,
Blount,2007,"119,828","62,021","59,476","2,545",134,454,3495800,29616,0.432
Blount,2008,"121,511","63,443","59,523","3,920",97,440,3697296,30855,
Blount,2009,"122,784","63,713","57,465","6,248",94,459,3758201,30901,
Blount,2010,"123,010","63,591","58,278","5,313",114,473,3728009,30362,
Bradley,2001,"88,859","44,962","43,073","1,889",129,364,2060870,23365,0.453388622
Bradley,2002,"89,557","44,851","42,628","2,223",108,485,2226119,25052,
Bradley,2003,"90,089","45,362","42,992","2,370",114,610,2258388,25217,
Bradley,2004,"91,162","46,191","43,852","2,339",124,649,2376398,26378,
Bradley,2005,"92,264","46,838","44,374","2,464",149,537,2518681,27629,
Bradley,2006,"93,804","48,016","45,605","2,411",109,418,2607347,28260,
Bradley,2007,"95,497","47,656","45,432","2,224",167,562,2712277,28914,0.453
Bradley,2008,"96,472","47,562","44,513","3,049",94,401,2858316,29931,
Bradley,2009,"97,710","47,661","43,168","4,493",138,436,2983428,30870,
Bradley,2010,"98,963","47,906","43,605","4,301",105,498,2964034,30335,
Campbell,2001,"39,805","16,245","15,213","1,032",33,187,720350,18072,0.463350777
Campbell,2002,"39,839","16,297","15,210","1,087",50,195,811089,20377,
Campbell,2003,"39,960","16,546","15,384","1,162",75,370,821587,20623,
Campbell,2004,"40,387","16,908","15,888","1,020",51,274,854176,21376,
Campbell,2005,"40,412","16,888","15,881","1,007",53,390,910037,22533,
Campbell,2006,"40,505","16,866","15,833","1,033",44,268,961520,23793,
Campbell,2007,"40,562","16,815","15,882",933,61,264,971490,23984,0.467
Campbell,2008,"40,936","16,990","15,667","1,323",60,236,1037410,25576,
Campbell,2009,"40,970","16,969","14,747","2,222",70,394,1078796,26453,
Campbell,2010,"40,716","16,718","14,692","2,026",37,403,1072346,26174,
Cannon,2001,"12,987","6,385","6,120",265,17,33,292254,22645,0.438436654
Cannon,2002,"12,961","6,300","6,003",297,15,56,307435,23673,
Cannon,2003,"13,009","6,351","6,029",322,18,74,321288,24789,
Cannon,2004,"13,103","6,365","6,065",300,8,73,344039,26446,
Cannon,2005,"13,136","6,459","6,119",340,8,81,347922,26553,
Cannon,2006,"13,266","6,563","6,230",333,13,80,363480,27671,
Cannon,2007,"13,430","6,357","6,036",321,8,63,379534,28610,0.41
Cannon,2008,"13,804","6,595","6,108",487,15,76,400343,29810,
Cannon,2009,"13,860","6,590","5,805",785,11,63,407255,29439,
Cannon,2010,"13,801","6,533","5,911",622,9,66,397898,28708,
Carroll,2001,"29,512","13,918","12,871","1,047",32,99,621333,21079,0.455372756
Carroll,2002,"29,215","13,850","12,567","1,283",32,147,641603,21740,
Carroll,2003,"29,205","13,869","12,567","1,302",52,217,650046,22250,
Carroll,2004,"29,099","13,801","12,663","1,138",32,230,682896,23383,
Carroll,2005,"28,695","13,724","12,679","1,045",30,223,682457,23453,
Carroll,2006,"28,775","13,959","13,073",886,21,161,726640,25323,
Carroll,2007,"28,783","13,659","12,763",896,26,169,739614,25703,0.446
Carroll,2008,"28,719","13,782","12,519","1,263",22,137,757876,26331,
Carroll,2009,"28,517","13,745","11,560","2,185",16,164,793538,27690,
Carroll,2010,"28,522","13,883","11,846","2,037",25,171,804626,28216,
Carter,2001,"56,875","27,678","26,282","1,396",32,96,1081022,19021,0.441284489
Carter,2002,"56,830","27,726","25,895","1,831",36,117,1138555,20019,
Carter,2003,"58,260","28,658","26,825","1,833",55,128,1181036,20782,
Carter,2004,"58,412","28,982","27,251","1,731",35,127,1215029,20855,
Carter,2005,"58,666","29,111","27,433","1,678",45,163,1291077,22103,
Carter,2006,"58,956","29,353","27,871","1,482",39,180,1339113,22826,
Carter,2007,"58,938","29,318","27,835","1,483",28,161,1410916,23932,0.426
Carter,2008,"59,492","29,729","27,758","1,971",33,178,1496727,25395,
Carter,2009,"59,043","29,408","26,396","3,012",36,204,1530019,25857,
Carter,2010,"57,424","29,619","26,694","2,925",39,206,1513892,25640,
Cheatham,2001,"36,551","19,628","18,957",671,23,48,931480,25808,0.373246574
Cheatham,2002,"36,940","19,590","18,797",793,40,80,938288,25671,
Cheatham,2003,"37,166","19,691","18,845",846,29,125,985697,26684,
Cheatham,2004,"37,580","20,097","19,178",919,22,135,1022646,27516,
Cheatham,2005,"38,037","20,489","19,591",898,16,166,1069577,28461,
Cheatham,2006,"38,615","20,843","19,995",848,41,156,1130017,29708,
Cheatham,2007,"39,148","20,251","19,442",809,28,209,1206770,31251,0.398
Cheatham,2008,"39,396","20,396","19,281","1,115",29,188,1258683,32152,
Cheatham,2009,"39,876","20,382","18,471","1,911",64,210,1331967,33693,
Cheatham,2010,"39,105","20,669","18,811","1,858",55,157,1256024,31498,
Chester,2001,"15,845","7,512","7,163",349,16,43,316115,20305,0.429449191
Chester,2002,"15,857","7,547","7,064",483,19,76,340091,21464,
Chester,2003,"15,549","7,381","6,933",448,16,64,343312,21651,
Chester,2004,"15,793","7,502","7,071",431,18,68,356819,22948,
Chester,2005,"15,879","7,630","7,173",457,20,59,364029,23050,
Chester,2006,"15,978","7,735","7,315",420,6,65,380329,23952,
Chester,2007,"16,078","7,811","7,383",428,14,107,397131,24855,0.406
Chester,2008,"16,309","7,950","7,396",554,16,56,419273,26077,
Chester,2009,"16,312","7,858","6,977",881,16,35,432835,26580,
Chester,2010,"17,131","7,824","7,023",801,21,67,431317,26442,
Claiborne,2001,"30,108","12,488","11,799",689,30,46,588618,19626,0.459083307
Claiborne,2002,"30,038","12,687","11,969",718,28,94,626376,20804,
Claiborne,2003,"30,338","12,816","12,067",749,38,166,628213,20914,
Claiborne,2004,"30,555","12,712","12,005",707,51,116,644540,21245,
Claiborne,2005,"30,806","13,079","12,346",733,40,131,681227,22295,
Claiborne,2006,"30,964","13,370","12,643",727,31,148,726693,23589,
Claiborne,2007,"31,105","13,066","12,336",730,49,190,760115,24548,0.439
Claiborne,2008,"31,461","13,337","12,334","1,003",53,258,804302,25858,
Claiborne,2009,"31,243","13,171","11,593","1,578",60,217,844759,26999,
Claiborne,2010,"32,213","12,995","11,549","1,446",55,196,846432,27092,
Clay,2001,"7,938","3,570","3,317",253,4,20,146969,18410,0.454090802
Clay,2002,"7,945","3,747","3,473",274,9,41,160733,20249,
Clay,2003,"7,927","3,856","3,513",343,9,78,158093,19898,
Clay,2004,"7,966","3,640","3,304",336,3,83,164846,20796,
Clay,2005,"7,973","3,597","3,180",417,3,23,174631,21922,
Clay,2006,"7,997","3,625","3,226",399,2,28,180438,22631,
Clay,2007,"7,923","3,485","3,197",288,2,58,181901,22746,0.434
Clay,2008,"7,794","3,483","3,112",371,8,31,187550,23672,
Clay,2009,"7,895","3,336","2,850",486,4,53,185157,23452,
Clay,2010,"7,861","3,335","2,928",407,7,54,183731,23272,
Cocke,2001,"33,670","15,508","14,311","1,197",49,81,609395,18121,0.466504101
Cocke,2002,"33,982","15,472","14,289","1,183",52,38,623241,18510,
Cocke,2003,"34,287","15,645","14,295","1,350",33,47,646903,19037,
Cocke,2004,"34,455","15,531","14,272","1,259",56,82,659363,19231,
Cocke,2005,"34,708","15,950","14,718","1,232",61,127,676302,19629,
Cocke,2006,"35,079","16,245","15,057","1,188",36,96,706248,20348,
Cocke,2007,"35,393","16,388","15,317","1,071",48,113,740038,21096,0.461
Cocke,2008,"35,688","16,510","15,056","1,454",60,103,792613,22395,
Cocke,2009,"36,047","16,629","14,322","2,307",83,109,831823,23233,
Cocke,2010,"35,662","16,518","14,342","2,176",60,146,850784,23602,
Coffee,2001,"48,554","24,143","23,045","1,098",54,202,1139600,23646,0.460463786
Coffee,2002,"49,013","24,795","23,557","1,238",47,205,1190677,24523,
Coffee,2003,"49,494","25,513","24,229","1,284",47,295,1273979,25993,
Coffee,2004,"49,930","25,387","24,163","1,224",31,363,1359347,27465,
Coffee,2005,"50,637","25,537","24,121","1,416",36,364,1416079,28361,
Coffee,2006,"51,400","25,709","24,299","1,410",53,390,1466104,28953,
Coffee,2007,"51,739","25,641","24,428","1,213",42,453,1522697,29624,0.436
Coffee,2008,"52,134","25,734","24,107","1,627",66,385,1606674,31053,
Coffee,2009,"52,521","25,530","22,802","2,728",68,475,1696802,32523,
Coffee,2010,"52,796","25,549","22,974","2,575",78,644,1676349,31918,
Crockett,2001,"14,536","6,728","6,340",388,12,30,337085,23167,0.437917182
Crockett,2002,"14,462","6,947","6,444",503,28,37,331180,22783,
Crockett,2003,"14,318","6,980","6,347",633,15,35,333006,23026,
Crockett,2004,"14,372","6,653","6,128",525,12,37,349818,24432,
Crockett,2005,"14,354","6,473","5,966",507,22,23,343837,23924,
Crockett,2006,"14,333","6,502","6,054",448,7,25,362205,25234,
Crockett,2007,"14,403","6,509","6,092",417,3,17,375087,26169,0.481
Crockett,2008,"14,186","6,466","5,888",578,16,11,390195,27091,
Crockett,2009,"14,492","6,518","5,668",850,15,20,417295,28859,
Crockett,2010,"14,586","6,664","5,813",851,22,26,422183,29132,
Cumberland,2001,"47,694","20,869","19,487","1,382",33,201,1051339,22357,0.447911211
Cumberland,2002,"48,597","22,078","20,703","1,375",60,276,1063740,22303,
Cumberland,2003,"49,090","22,572","21,066","1,506",61,307,1077318,22168,
Cumberland,2004,"49,888","21,938","20,529","1,409",43,447,1136389,23149,
Cumberland,2005,"50,859","22,513","21,013","1,500",46,376,1194281,23939,
Cumberland,2006,"52,263","23,186","21,745","1,441",52,306,1271985,25010,
Cumberland,2007,"53,264","22,901","21,592","1,309",37,294,1386305,26526,0.445
Cumberland,2008,"53,590","23,200","21,375","1,825",41,221,1495465,28076,
Cumberland,2009,"54,109","23,030","20,429","2,601",74,319,1565952,29126,
Cumberland,2010,"56,053","22,900","20,451","2,449",64,368,1558031,28794,
Davidson,2001,"578,527","307,102","295,912","11,190","3,681","2,984",19966961,35010,0.466715092
Davidson,2002,"581,978","301,607","288,358","13,249","3,563","3,881",20566005,35549,
Davidson,2003,"588,126","301,839","287,810","14,029","3,547","4,967",21520922,36979,
Davidson,2004,"596,961","302,599","288,783","13,816","3,530","5,359",22168236,37693,
Davidson,2005,"607,413","305,809","291,946","13,863","4,041","6,303",23312244,39052,
Davidson,2006,"614,609","309,633","296,540","13,093","4,029","5,857",24153330,39764,
Davidson,2007,"621,384","320,765","307,988","12,777","4,156","7,691",26190954,42614,0.483
Davidson,2008,"626,144","323,996","306,432","17,564","4,127","7,349",27355356,44023,
Davidson,2009,"635,710","322,986","294,458","28,528","3,536","7,734",28355798,45138,
Davidson,2010,"626,681","328,687","299,882","28,805","3,204","7,750",27626360,43457,
Decatur,2001,"11,671","5,530","5,133",397,3,20,240802,20576,0.503675392
Decatur,2002,"11,604","5,481","5,031",450,9,31,255977,21933,
Decatur,2003,"11,503","5,511","5,052",459,10,54,253073,21809,
Decatur,2004,"11,523","5,479","5,076",403,13,45,267368,23243,
Decatur,2005,"11,428","5,465","5,038",427,9,21,287318,24934,
Decatur,2006,"11,364","5,532","5,170",362,11,26,301022,26341,
Decatur,2007,"11,505","5,713","5,381",332,10,26,314581,27682,0.487
Decatur,2008,"11,288","5,676","5,195",481,4,28,331111,28780,
Decatur,2009,"11,525","5,702","4,944",758,7,43,339068,29390,
Decatur,2010,"11,757","5,683","4,983",700,12,17,340933,29582,
DeKalb,2001,"17,533","8,501","8,039",462,14,70,355729,20387,0.501014957
DeKalb,2002,"17,734","9,084","8,618",466,19,108,390854,22292,
DeKalb,2003,"17,952","9,579","9,095",484,30,120,401351,22632,
DeKalb,2004,"18,147","9,719","9,224",495,33,114,427836,23832,
DeKalb,2005,"18,257","9,824","9,252",572,23,255,436157,24035,
DeKalb,2006,"18,423","10,258","9,702",556,14,131,460820,25241,
DeKalb,2007,"18,588","10,277","9,801",476,13,231,483318,26234,0.467
DeKalb,2008,"18,694","10,174","9,493",681,21,160,511861,27537,
DeKalb,2009,"18,954","9,999","8,916","1,083",14,142,524733,27767,
DeKalb,2010,"18,723","9,892","8,931",961,11,188,520601,27467,
Dickson,2001,"43,866","22,246","21,249",997,44,192,1036299,23904,0.403193834
Dickson,2002,"44,344","22,127","21,035","1,092",48,142,1050425,23946,
Dickson,2003,"44,849","22,417","21,280","1,137",71,178,1054314,23776,
Dickson,2004,"45,211","22,643","21,458","1,185",47,205,1094073,24395,
Dickson,2005,"45,705","22,961","21,819","1,142",72,203,1168974,25856,
Dickson,2006,"46,439","23,449","22,362","1,087",67,159,1244785,27235,
Dickson,2007,"47,411","23,054","22,056",998,53,130,1330175,28643,0.418
Dickson,2008,"47,884","23,587","21,953","1,634",58,126,1417140,29891,
Dickson,2009,"48,230","23,511","20,929","2,582",45,113,1446108,30181,
Dickson,2010,"49,666","23,651","21,314","2,337",47,127,1416846,29377,
Dyer,2001,"37,108","17,623","16,446","1,177",38,93,850681,22794,0.438332643
Dyer,2002,"37,068","17,241","16,026","1,215",67,287,909345,24505,
Dyer,2003,"37,161","17,389","16,176","1,213",81,314,902248,24340,
Dyer,2004,"37,291","17,769","16,697","1,072",69,284,950672,25583,
Dyer,2005,"37,586","17,450","16,379","1,071",79,267,1008456,27043,
Dyer,2006,"37,689","17,650","16,631","1,019",93,325,1040134,27673,
Dyer,2007,"37,680","17,312","16,420",892,68,455,1078248,28609,0.456
Dyer,2008,"37,600","17,610","16,279","1,331",63,295,1145281,30395,
Dyer,2009,"37,811","17,578","15,142","2,436",60,415,1198773,31779,
Dyer,2010,"38,335","17,161","15,005","2,156",63,377,1174804,31070,
Fayette,2001,"30,191","14,586","13,785",801,56,131,756670,26003,0.438290516
Fayette,2002,"31,016","14,777","13,864",913,48,113,828352,27437,
Fayette,2003,"32,023","15,234","14,290",944,54,151,852978,27501,
Fayette,2004,"33,137","15,595","14,604",991,49,175,926327,28927,
Fayette,2005,"33,993","16,164","15,065","1,099",46,277,972968,29362,
Fayette,2006,"35,877","17,119","16,052","1,067",71,217,1064667,31320,
Fayette,2007,"37,218","17,766","16,646","1,120",66,287,1194003,33280,0.46
Fayette,2008,"38,173","18,183","16,828","1,355",59,218,1287857,34603,
Fayette,2009,"38,785","18,202","16,201","2,001",59,138,1391223,36392,
Fayette,2010,"38,413","17,906","15,998","1,908",63,192,1366127,35223,
Fentress,2001,"16,696","6,755","6,153",602,22,118,320780,19279,0.479001908
Fentress,2002,"16,818","6,954","6,422",532,13,61,340455,20391,
Fentress,2003,"16,848","7,111","6,542",569,27,202,340106,20223,
Fentress,2004,"16,846","7,248","6,764",484,22,283,346454,20564,
Fentress,2005,"17,019","7,119","6,615",504,18,113,379632,22535,
Fentress,2006,"17,334","7,621","7,116",505,16,91,396439,23294,
Fentress,2007,"17,406","7,738","7,231",507,23,121,415380,23963,0.51
Fentress,2008,"17,667","8,053","7,294",759,15,140,445556,25598,
Fentress,2009,"17,677","7,973","6,912","1,061",21,124,460401,26124,
Fentress,2010,"17,959","7,873","6,951",922,13,124,461549,26110,
Franklin,2001,"39,628","19,197","18,386",811,80,336,831504,21144,0.454644672
Franklin,2002,"39,964","19,714","18,751",963,24,267,865497,21841,
Franklin,2003,"40,143","20,287","19,235","1,052",52,347,853146,21348,
Franklin,2004,"40,354","20,223","19,150","1,073",46,258,894480,22282,
Franklin,2005,"40,529","20,084","18,969","1,115",39,297,946473,23454,
Franklin,2006,"40,888","20,129","18,974","1,155",37,257,993076,24503,
Franklin,2007,"41,190","20,006","18,981","1,025",25,229,1031368,25224,0.419
Franklin,2008,"41,165","19,899","18,571","1,328",32,237,1102087,26756,
Franklin,2009,"41,310","19,625","17,497","2,128",28,303,1154852,28038,
Franklin,2010,"41,052","19,637","17,630","2,007",43,247,1145188,27722,
Gibson,2001,"47,999","22,661","20,883","1,778",82,240,1082591,22482,0.429823979
Gibson,2002,"47,908","22,021","20,285","1,736",67,287,1111374,23154,
Gibson,2003,"47,690","21,951","20,034","1,917",73,289,1127409,23533,
Gibson,2004,"47,792","21,553","19,788","1,765",79,301,1207813,25326,
Gibson,2005,"47,856","20,908","19,128","1,780",90,230,1227979,25694,
Gibson,2006,"48,022","21,076","19,448","1,628",103,186,1256547,26257,
Gibson,2007,"48,435","20,841","19,343","1,498",98,215,1293918,26944,0.467
Gibson,2008,"49,257","21,208","19,194","2,014",54,163,1359481,28068,
Gibson,2009,"49,468","21,571","18,423","3,148",61,120,1407544,28639,
Gibson,2010,"49,683","21,659","18,785","2,874",106,167,1414275,28590,
Giles,2001,"29,559","14,848","13,912",936,30,102,672584,22825,0.43097845
Giles,2002,"29,365","14,502","13,395","1,107",39,153,686585,23228,
Giles,2003,"29,126","14,050","12,753","1,297",39,164,688345,23441,
Giles,2004,"29,048","13,465","12,475",990,36,207,702929,24134,
Giles,2005,"29,054","13,445","12,460",985,51,230,709743,24433,
Giles,2006,"29,054","13,450","12,486",964,50,215,740094,25473,
Giles,2007,"29,011","13,287","12,426",861,49,323,749801,25807,0.446
Giles,2008,"29,184","13,466","12,384","1,082",39,233,796680,27461,
Giles,2009,"29,082","13,415","11,425","1,990",23,176,842862,28891,
Giles,2010,"29,485","13,458","11,739","1,719",11,149,827603,28458,
Grainger,2001,"20,831","9,768","9,185",583,33,147,401236,19349,0.458289927
Grainger,2002,"21,077","9,950","9,192",758,42,141,415283,19936,
Grainger,2003,"21,413","9,891","9,169",722,24,161,434224,20602,
Grainger,2004,"21,702","9,974","9,368",606,32,171,444846,20775,
Grainger,2005,"22,100","10,171","9,563",608,24,120,470990,21703,
Grainger,2006,"22,438","10,271","9,661",610,26,128,495620,22426,
Grainger,2007,"22,610","10,080","9,528",552,19,124,529315,23590,0.444
Grainger,2008,"22,708","10,247","9,430",817,13,131,561958,24854,
Grainger,2009,"22,857","10,113","8,703","1,410",18,135,586511,25791,
Grainger,2010,"22,657","10,059","8,771","1,288",17,118,596368,26091,
Greene,2001,"63,272","30,945","28,565","2,380",64,74,1455485,23090,0.432172926
Greene,2002,"63,426","31,020","28,943","2,077",77,75,1491052,23566,
Greene,2003,"63,665","32,065","29,632","2,433",95,145,1562504,24635,
Greene,2004,"64,159","32,354","29,840","2,514",81,190,1725194,27098,
Greene,2005,"64,874","32,384","29,609","2,775",104,149,1855254,28917,
Greene,2006,"65,391","32,677","30,088","2,589",80,179,1923166,29645,
Greene,2007,"65,855","31,310","29,064","2,246",59,164,1958379,29949,0.421
Greene,2008,"66,157","30,278","27,449","2,829",52,120,2077485,31546,
Greene,2009,"66,282","29,881","25,180","4,701",54,95,2183618,33040,
Greene,2010,"68,831","29,788","25,850","3,938",56,124,2086274,31476,
Grundy,2001,"14,220","5,553","5,231",322,21,36,252254,17600,0.472317972
Grundy,2002,"14,256","5,690","5,309",381,8,20,277574,19520,
Grundy,2003,"14,228","5,803","5,439",364,18,27,273443,19181,
Grundy,2004,"14,310","5,780","5,422",358,20,32,284596,20003,
Grundy,2005,"14,330","5,831","5,391",440,12,25,301186,21047,
Grundy,2006,"14,295","5,889","5,416",473,13,33,312860,21833,
Grundy,2007,"14,311","5,914","5,550",364,13,41,310655,21732,0.45
Grundy,2008,"14,220","5,949","5,451",498,18,24,322009,22501,
Grundy,2009,"14,130","6,012","5,169",843,15,38,331471,23273,
Grundy,2010,"13,703","5,984","5,260",724,9,37,334087,23644,
Hamblen,2001,"58,778","29,956","28,144","1,812",106,501,1339429,22996,0.45942826
Hamblen,2002,"58,395","29,399","27,642","1,757",73,345,1410041,23989,
Hamblen,2003,"58,738","29,131","27,327","1,804",84,393,1430056,24489,
Hamblen,2004,"59,278","29,349","27,723","1,626",66,425,1499855,25535,
Hamblen,2005,"60,115","29,782","28,041","1,741",102,592,1545727,26076,
Hamblen,2006,"60,875","30,402","28,645","1,757",99,485,1559066,25935,
Hamblen,2007,"61,950","29,979","28,504","1,475",125,548,1639103,26926,0.436
Hamblen,2008,"62,132","30,304","28,147","2,157",77,425,1717098,27717,
Hamblen,2009,"63,033","29,955","26,180","3,775",89,328,1794988,28713,
Hamblen,2010,"62,544","29,586","26,386","3,200",110,305,1801418,28579,
Hamilton,2001,"311,628","158,955","153,102","5,853","1,314","1,541",9389860,30476,0.469145797
Hamilton,2002,"314,524","157,992","151,059","6,933","1,029","1,747",9672619,31039,
Hamilton,2003,"316,875","157,294","150,112","7,182",932,"1,887",9969554,31697,
Hamilton,2004,"319,905","157,092","149,921","7,171",870,"2,399",10291371,32478,
Hamilton,2005,"323,740","158,655","151,133","7,522",790,"2,672",10684213,33398,
Hamilton,2006,"328,551","162,382","155,182","7,200",902,"2,814",11149618,34440,
Hamilton,2007,"331,117","166,411","159,560","6,851",868,"2,658",12008126,36549,0.477
Hamilton,2008,"332,848","167,968","158,396","9,572","1,028","2,141",12598201,38048,
Hamilton,2009,"337,175","164,177","149,484","14,693","1,126","2,234",12766600,38209,
Hamilton,2010,"336,463","165,563","151,581","13,982",991,"2,145",12465601,36971,
Hancock,2001,"6,785","2,559","2,374",185,5,12,96045,14164,0.511607846
Hancock,2002,"6,748","2,582","2,379",203,3,1,98725,14550,
Hancock,2003,"6,623","2,640","2,456",184,1,2,100700,14923,
Hancock,2004,"6,645","2,437","2,197",240,0,0,101319,15298,
Hancock,2005,"6,694","2,429","2,209",220,3,3,104092,15665,
Hancock,2006,"6,599","2,481","2,308",173,1,2,108943,16275,
Hancock,2007,"6,679","2,433","2,290",143,4,5,111804,16943,0.441
Hancock,2008,"6,693","2,562","2,350",212,1,1,117466,17587,
Hancock,2009,"6,588","2,663","2,271",392,0,6,123314,18664,
Hancock,2010,"6,819","2,623","2,220",403,4,32,126399,19186,
Hardeman,2001,"28,127","11,022","10,231",791,116,99,473277,16823,0.474101285
Hardeman,2002,"28,071","11,176","10,327",849,95,138,500683,17801,
Hardeman,2003,"27,887","11,333","10,418",915,68,162,508998,18133,
Hardeman,2004,"27,803","11,233","10,311",922,76,211,537064,19259,
Hardeman,2005,"27,795","11,178","10,218",960,73,189,554132,19931,
Hardeman,2006,"27,779","11,399","10,577",822,85,163,584291,21021,
Hardeman,2007,"27,805","11,496","10,715",781,101,149,614660,22127,0.469
Hardeman,2008,"27,848","11,586","10,587",999,86,153,655375,23570,
Hardeman,2009,"27,613","11,323","9,897","1,426",89,106,695005,24997,
Hardeman,2010,"27,253","11,038","9,574","1,464",66,104,692015,25061,
Hardin,2001,"25,766","11,486","10,746",740,19,107,545370,21324,0.471013835
Hardin,2002,"25,811","11,546","10,669",877,36,93,578846,22465,
Hardin,2003,"25,718","11,639","10,555","1,084",25,113,579712,22460,
Hardin,2004,"25,598","11,391","10,526",865,44,156,595540,23157,
Hardin,2005,"25,811","11,321","10,493",828,40,132,632637,24714,
Hardin,2006,"25,990","11,718","10,990",728,46,146,665885,25798,
Hardin,2007,"26,149","11,854","11,181",673,61,112,685341,26369,0.46
Hardin,2008,"26,227","11,898","10,988",910,52,107,725382,27740,
Hardin,2009,"26,258","11,859","10,388","1,471",57,168,768761,29281,
Hardin,2010,"26,026","12,055","10,671","1,384",33,132,767389,29225,
Hawkins,2001,"54,147","25,130","23,788","1,342",35,56,1102607,20537,0.434731318
Hawkins,2002,"54,505","25,109","23,658","1,451",21,45,1158944,21404,
Hawkins,2003,"55,002","25,667","23,947","1,720",26,51,1173076,21522,
Hawkins,2004,"55,381","25,288","23,731","1,557",24,61,1206043,21927,
Hawkins,2005,"55,967","25,674","24,080","1,594",33,97,1265969,22859,
Hawkins,2006,"56,552","26,386","24,866","1,520",44,142,1310191,23410,
Hawkins,2007,"57,025","26,040","24,797","1,243",22,153,1374606,24307,0.427
Hawkins,2008,"57,477","26,990","25,178","1,812",40,143,1452719,25475,
Hawkins,2009,"57,784","27,476","24,396","3,080",48,115,1539356,26791,
Hawkins,2010,"56,833","26,944","24,429","2,515",47,111,1535419,26572,
Haywood,2001,"19,844","9,377","8,682",695,62,260,398794,20122,0.472753822
Haywood,2002,"19,547","9,536","8,752",784,62,234,407951,20558,
Haywood,2003,"19,472","9,602","8,699",903,37,162,399008,20413,
Haywood,2004,"19,590","9,393","8,584",809,40,183,426077,21882,
Haywood,2005,"19,402","9,234","8,465",769,42,111,442231,22574,
Haywood,2006,"19,299","9,700","8,963",737,58,87,463324,23880,
Haywood,2007,"19,165","9,783","9,074",709,60,99,489715,25375,0.455
Haywood,2008,"19,024","9,492","8,493",999,62,71,501208,26152,
Haywood,2009,"18,881","9,291","7,819","1,472",101,82,531334,27921,
Haywood,2010,"18,787","9,246","7,839","1,407",80,109,579257,30679,
Henderson,2001,"25,661","12,576","11,698",878,41,139,558759,21843,0.446895003
Henderson,2002,"25,767","12,602","11,573","1,029",55,117,557552,21728,
Henderson,2003,"25,832","13,022","11,969","1,053",26,151,560451,21751,
Henderson,2004,"25,892","13,304","12,384",920,36,147,590372,22854,
Henderson,2005,"26,137","12,779","11,828",951,32,109,627426,24232,
Henderson,2006,"26,523","12,339","11,508",831,29,133,640087,24490,
Henderson,2007,"26,759","12,008","11,202",806,37,155,657249,24780,0.42
Henderson,2008,"26,916","12,098","10,858","1,240",49,207,677200,25307,
Henderson,2009,"27,037","12,044","9,879","2,165",50,148,704949,26128,
Henderson,2010,"27,769","11,743","9,897","1,846",34,177,692759,25623,
Henry,2001,"31,169","14,690","13,782",908,44,249,698327,22438,0.418127894
Henry,2002,"31,258","14,590","13,612",978,59,213,712941,22873,
Henry,2003,"31,052","14,485","13,260","1,225",44,230,701889,22455,
Henry,2004,"31,077","14,326","13,165","1,161",29,262,727849,23440,
Henry,2005,"31,294","14,209","13,141","1,068",35,217,781667,25153,
Henry,2006,"31,399","14,219","13,201","1,018",33,245,821448,26249,
Henry,2007,"31,517","13,985","13,083",902,31,229,837537,26674,0.439
Henry,2008,"31,770","13,929","12,712","1,217",59,248,874430,27745,
Henry,2009,"31,876","13,664","11,850","1,814",15,225,912132,28728,
Henry,2010,"32,330","13,710","12,061","1,649",33,303,924082,28990,
Hickman,2001,"22,703","9,886","9,375",511,15,19,394238,17572,0.416359888
Hickman,2002,"23,050","9,973","9,371",602,32,34,410477,18080,
Hickman,2003,"23,066","9,972","9,370",602,38,56,413063,17920,
Hickman,2004,"23,377","10,146","9,518",628,17,32,432478,18750,
Hickman,2005,"23,365","10,252","9,616",636,22,58,462439,19782,
Hickman,2006,"23,518","10,276","9,717",559,20,108,488510,20908,
Hickman,2007,"23,784","9,971","9,409",562,24,122,516278,21952,0.41
Hickman,2008,"23,841","10,148","9,292",856,24,121,553352,23266,
Hickman,2009,"23,805","10,084","8,782","1,302",14,114,567788,23780,
Hickman,2010,"24,690","10,132","8,943","1,189",23,149,561409,23584,
Houston,2001,"8,031","3,631","3,368",263,4,5,154213,19233,0.471676384
Houston,2002,"7,985","3,691","3,417",274,1,11,161370,20093,
Houston,2003,"8,000","3,710","3,424",286,9,15,161309,20202,
Houston,2004,"7,879","3,780","3,485",295,13,43,172162,21520,
Houston,2005,"7,939","3,812","3,488",324,8,21,181268,23006,
Houston,2006,"7,936","3,892","3,604",288,7,16,191507,24122,
Houston,2007,"8,053","3,864","3,646",218,15,62,195065,24580,0.455
Houston,2008,"8,137","3,866","3,552",314,3,55,207243,25735,
Houston,2009,"8,154","3,921","3,449",472,8,35,215688,26553,
Houston,2010,"8,426","4,002","3,584",418,10,8,217625,26689,
Humphreys,2001,"18,038","8,771","8,198",573,12,66,398437,22247,0.424341748
Humphreys,2002,"17,935","8,803","8,215",588,17,82,405719,22492,
Humphreys,2003,"17,902","8,868","8,268",600,14,200,410815,22906,
Humphreys,2004,"17,842","8,853","8,214",639,23,262,425690,23779,
Humphreys,2005,"17,904","8,937","8,250",687,27,283,441486,24744,
Humphreys,2006,"18,098","9,025","8,452",573,19,207,465839,26019,
Humphreys,2007,"18,258","9,060","8,539",521,8,189,487165,26918,0.394
Humphreys,2008,"18,149","9,027","8,262",765,18,110,517593,28349,
Humphreys,2009,"18,274","9,026","7,883","1,143",10,172,530558,29118,
Humphreys,2010,"18,538","9,219","8,227",992,8,139,525999,28784,
Jackson,2001,"11,116","5,028","4,730",298,7,19,206688,18735,0.486076299
Jackson,2002,"11,092","5,077","4,722",355,4,30,231984,20869,
Jackson,2003,"11,079","5,210","4,789",421,9,74,248671,22419,
Jackson,2004,"11,069","5,219","4,861",358,5,109,265036,23922,
Jackson,2005,"10,979","5,224","4,774",450,11,77,268236,24233,
Jackson,2006,"10,841","5,048","4,702",346,10,116,273886,24946,
Jackson,2007,"10,850","4,927","4,577",350,3,37,279267,25760,0.484
Jackson,2008,"10,847","4,983","4,552",431,6,68,292508,26959,
Jackson,2009,"10,875","5,004","4,323",681,3,52,293501,26843,
Jackson,2010,"11,638","4,956","4,389",567,5,44,290743,26735,
Jefferson,2001,"45,166","22,550","21,332","1,218",31,203,954031,21400,0.44953043
Jefferson,2002,"45,737","22,898","21,428","1,470",44,245,1040052,23027,
Jefferson,2003,"46,702","22,981","21,544","1,437",46,243,1049853,22954,
Jefferson,2004,"47,274","23,404","21,948","1,456",58,285,1090346,23347,
Jefferson,2005,"47,889","23,809","22,398","1,411",36,180,1130692,23918,
Jefferson,2006,"49,229","24,303","22,911","1,392",39,260,1176680,24571,
Jefferson,2007,"50,419","24,174","22,889","1,285",46,287,1249500,25381,0.448
Jefferson,2008,"51,074","24,630","22,875","1,755",54,259,1335776,26494,
Jefferson,2009,"51,722","24,284","21,237","3,047",48,326,1406560,27406,
Jefferson,2010,"51,407","24,332","21,404","2,928",45,329,1394693,26965,
Johnson,2001,"17,671","6,785","6,244",541,23,38,271405,15494,0.501338222
Johnson,2002,"17,720","6,932","6,338",594,22,31,279131,15796,
Johnson,2003,"17,893","6,949","6,342",607,15,37,297236,16774,
Johnson,2004,"17,917","6,933","6,386",547,14,31,303992,16989,
Johnson,2005,"18,031","7,032","6,454",578,15,24,323708,18067,
Johnson,2006,"17,922","7,274","6,793",481,22,26,327472,18162,
Johnson,2007,"18,074","7,315","6,889",426,18,50,346998,19362,0.44
Johnson,2008,"18,112","7,281","6,650",631,21,26,379924,21020,
Johnson,2009,"18,006","7,456","6,504",952,12,32,393433,21781,
Johnson,2010,"18,244","7,332","6,356",976,32,60,404399,22459,
Knox,2001,"387,819","205,871","198,949","6,922",832,"1,549",11199955,29238,0.479137858
Knox,2002,"392,935","209,589","201,891","7,698",890,"1,719",11614095,29947,
Knox,2003,"399,091","211,775","203,375","8,400",803,"1,830",11853317,30166,
Knox,2004,"403,432","213,958","205,466","8,492",853,"2,226",12193519,30553,
Knox,2005,"409,530","216,490","207,369","9,121",801,"2,550",12865555,31890,
Knox,2006,"417,230","222,137","213,369","8,768",987,"2,857",13451063,32845,
Knox,2007,"424,716","226,513","218,457","8,056","1,020","2,903",14467656,34675,0.476
Knox,2008,"430,019","230,276","218,781","11,495","1,110","2,767",15176070,35732,
Knox,2009,"435,725","230,306","211,798","18,508","1,050","2,664",15718487,36464,
Knox,2010,"432,226","232,390","214,797","17,593",906,"2,477",15371687,35278,
Lake,2001,"7,955","2,580","2,408",172,3,25,105869,13334,0.444177134
Lake,2002,"7,882","2,725","2,537",188,13,33,108194,13601,
Lake,2003,"7,829","2,755","2,556",199,1,28,107959,13697,
Lake,2004,"7,616","2,616","2,438",178,6,26,117346,14989,
Lake,2005,"7,511","2,601","2,387",214,5,33,125301,16452,
Lake,2006,"7,454","2,682","2,496",186,10,45,130893,17427,
Lake,2007,"7,412","2,684","2,521",163,8,20,132671,17799,0.452
Lake,2008,"7,323","2,675","2,470",205,3,38,141385,19075,
Lake,2009,"7,303","2,661","2,369",292,8,31,147145,20052,
Lake,2010,"7,832","2,735","2,443",292,0,17,147157,20150,
Lauderdale,2001,"27,166","11,038","10,151",887,47,100,478728,17690,0.456056109
Lauderdale,2002,"27,075","10,567","9,682",885,54,73,492168,18117,
Lauderdale,2003,"26,907","10,424","9,298","1,126",49,63,479483,17709,
Lauderdale,2004,"26,637","9,988","8,989",999,54,65,507747,18870,
Lauderdale,2005,"26,587","9,722","8,872",850,100,88,509246,19118,
Lauderdale,2006,"26,582","9,983","9,182",801,84,127,530469,19952,
Lauderdale,2007,"26,599","10,342","9,633",709,91,95,552969,20802,0.452
Lauderdale,2008,"26,692","10,358","9,070","1,288",90,91,579765,21796,
Lauderdale,2009,"26,471","10,404","8,461","1,943",48,96,604852,22737,
Lauderdale,2010,"27,815","9,965","8,397","1,568",75,63,604167,22824,
Lawrence,2001,"39,993","18,680","16,907","1,773",43,183,819702,20513,0.464397599
Lawrence,2002,"40,492","18,528","16,897","1,631",63,466,847219,21184,
Lawrence,2003,"40,464","18,730","16,977","1,753",85,606,868607,21451,
Lawrence,2004,"40,484","18,064","16,476","1,588",65,460,918239,22693,
Lawrence,2005,"40,641","17,502","15,737","1,765",68,515,924361,22833,
Lawrence,2006,"40,595","17,018","15,096","1,922",55,400,935105,23009,
Lawrence,2007,"40,884","16,549","15,155","1,394",67,416,936797,23077,0.428
Lawrence,2008,"40,954","16,633","15,001","1,632",52,377,970365,23735,
Lawrence,2009,"41,314","16,857","14,275","2,582",54,373,1023453,24926,
Lawrence,2010,"41,869","16,542","14,167","2,375",34,432,1028617,24898,
Lewis,2001,"11,393","5,290","4,931",359,7,51,201841,17747,0.435947726
Lewis,2002,"11,393","5,334","4,950",384,16,85,211022,18522,
Lewis,2003,"11,398","5,377","4,938",439,5,72,213374,18729,
Lewis,2004,"11,372","5,239","4,870",369,9,70,222109,19487,
Lewis,2005,"11,333","5,179","4,688",491,18,43,232544,20449,
Lewis,2006,"11,436","5,263","4,884",379,8,60,241509,21310,
Lewis,2007,"11,528","5,371","4,965",406,12,46,251329,21977,0.458
Lewis,2008,"11,564","5,465","4,915",550,10,35,263096,22822,
Lewis,2009,"11,521","5,572","4,702",870,17,56,275280,23917,
Lewis,2010,"12,161","5,481","4,676",805,15,120,273186,23712,
Lincoln,2001,"31,564","15,884","15,177",707,41,124,682252,21731,0.480084072
Lincoln,2002,"31,616","16,092","15,356",736,39,116,708914,22460,
Lincoln,2003,"31,746","16,025","15,171",854,39,90,727268,23003,
Lincoln,2004,"31,765","15,996","15,153",843,60,134,757228,23853,
Lincoln,2005,"32,121","16,612","15,821",791,48,115,791441,24916,
Lincoln,2006,"32,434","17,137","16,416",721,47,113,847456,26383,
Lincoln,2007,"32,733","17,278","16,637",641,48,162,883513,27240,0.45
Lincoln,2008,"33,116","17,221","16,370",851,48,183,937988,28656,
Lincoln,2009,"33,374","17,094","15,875","1,219",43,150,985231,29715,
Lincoln,2010,"33,361","17,347","16,219","1,128",45,106,992065,29726,
Loudon,2001,"39,965","20,188","19,326",862,30,236,1004193,25608,0.434276489
Loudon,2002,"40,741","20,806","19,786","1,020",46,227,1041380,26057,
Loudon,2003,"41,406","21,093","20,067","1,026",36,224,1099569,26989,
Loudon,2004,"42,139","21,385","20,413",972,37,257,1169254,28239,
Loudon,2005,"43,228","21,930","20,906","1,024",39,215,1269781,30133,
Loudon,2006,"44,363","22,726","21,720","1,006",33,192,1343117,31071,
Loudon,2007,"45,346","22,971","22,041",930,39,234,1447443,32627,0.452
Loudon,2008,"46,445","23,572","22,236","1,336",37,234,1574280,34717,
Loudon,2009,"46,725","23,647","21,372","2,275",42,222,1662387,35970,
Loudon,2010,"48,556","23,640","21,674","1,966",39,234,1630140,34888,
Macon,2001,"20,811","10,480","9,875",605,19,73,431483,21106,0.448654733
Macon,2002,"20,771","10,223","9,648",575,23,58,438922,21091,
Macon,2003,"20,897","10,434","9,700",734,12,82,442573,21307,
Macon,2004,"21,131","10,416","9,841",575,9,82,456700,21855,
Macon,2005,"21,236","10,587","9,982",605,12,101,498981,23614,
Macon,2006,"21,544","10,909","10,161",748,6,72,526383,24787,
Macon,2007,"21,695","10,430","9,781",649,12,94,540688,25097,0.439
Macon,2008,"21,838","10,642","9,754",888,14,87,568470,26203,
Macon,2009,"22,057","10,622","9,325","1,297",21,64,583033,26493,
Macon,2010,"22,248","10,552","9,497","1,055",14,80,564826,25608,
Madison,2001,"92,972","46,054","43,695","2,359",388,671,2393785,26016,0.480926098
Madison,2002,"93,483","45,790","43,058","2,732",336,672,2415165,25977,
Madison,2003,"93,710","46,231","43,449","2,782",296,562,2514665,26900,
Madison,2004,"94,208","46,380","43,780","2,600",374,570,2622166,27982,
Madison,2005,"94,893","47,000","44,372","2,628",444,641,2746313,29152,
Madison,2006,"96,182","48,022","45,429","2,593",531,715,2853079,30066,
Madison,2007,"96,616","48,352","45,868","2,484",533,547,2974594,30927,0.465
Madison,2008,"96,376","48,695","45,408","3,287",529,636,3141853,32519,
Madison,2009,"97,317","48,358","43,249","5,109",443,844,3270232,33810,
Madison,2010,"98,294","48,373","43,535","4,838",351,673,3213652,33023,
Marion,2001,"27,822","13,055","12,360",695,63,136,608037,21899,0.454827928
Marion,2002,"27,806","12,988","12,159",829,62,177,619954,22283,
Marion,2003,"27,930","12,842","12,093",749,50,154,622006,22369,
Marion,2004,"27,737","12,822","12,010",812,23,142,639059,22881,
Marion,2005,"27,699","12,884","12,088",796,33,103,685872,24728,
Marion,2006,"27,934","13,170","12,415",755,30,131,727372,26260,
Marion,2007,"28,019","12,980","12,183",797,31,140,781445,27975,0.465
Marion,2008,"28,247","13,044","12,043","1,001",24,154,816409,29138,
Marion,2009,"28,068","12,701","11,149","1,552",55,111,843610,30045,
Marion,2010,"28,237","12,637","11,305","1,332",36,123,834045,29715,
Marshall,2001,"27,132","13,862","13,124",738,38,75,655356,24381,0.461441617
Marshall,2002,"27,291","13,944","13,196",748,29,121,672096,24771,
Marshall,2003,"27,427","13,243","11,924","1,319",28,72,694107,25434,
Marshall,2004,"27,776","12,778","11,870",908,16,90,680716,24819,
Marshall,2005,"28,093","12,541","11,729",812,40,57,698336,25142,
Marshall,2006,"28,716","12,716","11,908",808,34,67,708875,25233,
Marshall,2007,"29,382","12,905","11,895","1,010",38,86,728687,25376,0.485
Marshall,2008,"29,731","12,598","11,431","1,167",36,98,757993,25798,
Marshall,2009,"30,279","12,496","10,336","2,160",14,60,791040,26355,
Marshall,2010,"30,617","12,353","10,324","2,029",12,51,766039,25299,
Maury,2001,"70,161","36,639","35,093","1,546",196,398,1844723,26469,0.448822683
Maury,2002,"71,265","36,708","34,923","1,785",165,368,1858261,26486,
Maury,2003,"72,754","36,687","34,422","2,265",203,587,1965714,27583,
Maury,2004,"74,235","36,108","34,126","1,982",186,662,2095985,28809,
Maury,2005,"75,639","36,113","33,938","2,175",235,637,2096476,28241,
Maury,2006,"77,860","36,650","34,638","2,012",207,761,2123827,28078,
Maury,2007,"80,420","36,454","33,495","2,959",263,962,2254733,28959,0.443
Maury,2008,"81,938","37,593","34,535","3,058",251,851,2309635,28720,
Maury,2009,"84,302","37,347","32,238","5,109",265,"1,057",2446576,29574,
Maury,2010,"80,956","36,061","30,866","5,195",196,858,2395430,28415,
McMinn,2001,"49,786","23,393","21,768","1,625",132,288,1025005,20846,0.408647816
McMinn,2002,"50,052","23,479","21,685","1,794",139,329,1066755,21427,
McMinn,2003,"50,278","23,951","22,155","1,796",96,409,1090675,21791,
McMinn,2004,"50,498","23,737","22,162","1,575",97,336,1150182,22876,
McMinn,2005,"51,092","24,075","22,606","1,469",155,363,1200669,23777,
McMinn,2006,"51,753","24,787","23,374","1,413",125,446,1269324,24844,
McMinn,2007,"52,115","24,569","23,156","1,413",120,413,1330700,25713,0.413
McMinn,2008,"52,511","24,043","21,939","2,104",110,447,1403970,26940,
McMinn,2009,"52,739","23,533","20,261","3,272",104,634,1420513,27019,
McMinn,2010,"52,266","23,198","20,312","2,886",84,440,1412744,26787,
McNairy,2001,"24,587","11,995","11,279",716,10,71,530799,21492,0.414372206
McNairy,2002,"24,581","12,129","11,338",791,13,40,541370,22019,
McNairy,2003,"24,726","12,200","11,352",848,39,130,551288,22427,
McNairy,2004,"24,834","12,244","11,499",745,57,192,570498,23073,
McNairy,2005,"25,038","12,353","11,611",742,34,152,591086,23801,
McNairy,2006,"25,318","12,324","11,568",756,35,187,614642,24548,
McNairy,2007,"25,398","12,255","11,491",764,20,79,632519,24983,0.408
McNairy,2008,"25,724","11,526","10,478","1,048",15,48,660019,25987,
McNairy,2009,"25,796","11,067","9,529","1,538",30,40,677001,26414,
McNairy,2010,"26,075","10,969","9,627","1,342",20,114,671656,26037,
Meigs,2001,"11,227","4,827","4,500",327,1,7,201296,18099,0.435503742
Meigs,2002,"11,249","4,840","4,452",388,0,12,218036,19421,
Meigs,2003,"11,243","4,820","4,434",386,7,43,232482,20667,
Meigs,2004,"11,381","4,824","4,468",356,15,56,246561,21930,
Meigs,2005,"11,426","4,811","4,460",351,13,36,259875,22834,
Meigs,2006,"11,565","4,886","4,552",334,13,48,270740,23695,
Meigs,2007,"11,704","4,865","4,549",316,21,73,285540,24690,0.46
Meigs,2008,"11,790","4,970","4,528",442,10,41,299603,25598,
Meigs,2009,"12,108","5,131","4,388",743,28,94,304684,25537,
Meigs,2010,"11,753","5,171","4,513",658,11,93,307586,25404,
Monroe,2001,"39,567","17,416","16,145","1,271",79,124,687457,17549,0.434751172
Monroe,2002,"40,234","17,346","15,949","1,397",81,127,735229,18582,
Monroe,2003,"40,873","17,732","16,330","1,402",94,174,767710,19081,
Monroe,2004,"41,871","18,098","16,918","1,180",87,234,831371,20340,
Monroe,2005,"42,877","18,703","17,564","1,139",78,280,910937,21756,
Monroe,2006,"43,820","19,548","18,421","1,127",51,225,967672,22569,
Monroe,2007,"44,815","19,368","18,188","1,180",41,244,1027520,23449,0.419
Monroe,2008,"45,648","18,968","17,082","1,886",53,218,1083220,24171,
Monroe,2009,"45,830","18,749","15,488","3,261",46,167,1101028,24108,
Monroe,2010,"44,519","18,417","15,883","2,534",47,120,1080059,23567,
Montgomery,2001,"135,712","59,957","57,259","2,698",175,539,3329246,24620,0.396255904
Montgomery,2002,"136,811","60,880","57,704","3,176",214,623,3419143,25194,
Montgomery,2003,"138,915","62,354","59,186","3,168",283,732,3583838,26196,
Montgomery,2004,"141,464","64,226","61,137","3,089",312,730,3904431,28107,
Montgomery,2005,"147,789","66,003","62,733","3,270",401,914,4145134,29302,
Montgomery,2006,"148,333","68,941","65,696","3,245",489,"1,031",4770261,32278,
Montgomery,2007,"154,860","67,933","64,602","3,331",509,"1,125",5269410,35524,0.402
Montgomery,2008,"154,756","68,037","63,752","4,285",558,867,5636488,36397,
Montgomery,2009,"160,978","69,315","63,192","6,123",446,918,6190129,39809,
Montgomery,2010,"172,331","71,488","64,976","6,512",422,"1,020",6294899,39104,
Moore,2001,"5,789","2,999","2,887",112,3,30,118455,20547,0.448539947
Moore,2002,"5,911","3,093","2,982",111,5,15,126640,21876,
Moore,2003,"5,857","3,132","3,012",120,1,27,128625,21760,
Moore,2004,"5,923","3,148","3,009",139,5,16,137903,23545,
Moore,2005,"5,982","3,127","2,982",145,2,5,148211,25023,
Moore,2006,"5,985","3,130","2,982",148,0,8,157911,26398,
Moore,2007,"6,043","3,151","3,015",136,3,5,165820,27706,0.492
Moore,2008,"6,195","3,167","2,990",177,0,6,177633,29395,
Moore,2009,"6,096","3,050","2,762",288,3,22,189526,30999,
Moore,2010,"6,362","3,079","2,783",296,3,16,192109,31514,
Morgan,2001,"19,964","7,743","7,259",484,4,47,342299,17310,0.407237647
Morgan,2002,"19,994","8,135","7,363",772,8,46,376500,18859,
Morgan,2003,"20,063","8,099","7,433",666,14,55,376010,18806,
Morgan,2004,"20,020","8,141","7,510",631,10,25,381330,19007,
Morgan,2005,"19,275","8,223","7,605",618,6,35,396282,19794,
Morgan,2006,"19,306","8,337","7,780",557,4,29,424714,22034,
Morgan,2007,"19,585","8,380","7,876",504,8,51,445708,23087,0.447
Morgan,2008,"20,404","8,570","7,917",653,2,70,469424,23969,
Morgan,2009,"18,738","8,808","7,817",991,10,27,488053,24941,
Morgan,2010,"21,987","8,837","7,894",943,4,58,485851,25929,
Obion,2001,"32,300","16,571","15,795",776,75,108,806828,24835,0.449296625
Obion,2002,"32,229","16,734","15,890",844,73,101,818729,25348,
Obion,2003,"32,155","16,260","15,099","1,161",41,131,805844,25004,
Obion,2004,"32,090","15,780","14,759","1,021",34,105,833896,25934,
Obion,2005,"31,860","15,558","14,619",939,43,84,865313,26965,
Obion,2006,"31,618","15,768","14,889",879,45,133,911755,28618,
Obion,2007,"31,575","15,526","14,630",896,38,171,896344,28349,0.427
Obion,2008,"31,375","15,608","14,510","1,098",40,153,959663,30393,
Obion,2009,"31,431","15,194","13,641","1,553",35,116,1017716,32242,
Obion,2010,"31,807","15,119","13,651","1,468",32,98,1036211,32968,
Overton,2001,"20,181","9,559","8,952",607,17,114,371833,18434,0.435909853
Overton,2002,"20,210","9,565","8,947",618,11,82,396167,19631,
Overton,2003,"20,060","9,654","9,036",618,14,73,405014,20040,
Overton,2004,"20,358","9,896","9,336",560,2,51,421671,21020,
Overton,2005,"20,440","9,830","9,257",573,13,59,433901,21314,
Overton,2006,"20,718","10,014","9,343",671,14,85,452989,22162,
Overton,2007,"20,943","10,060","9,305",755,20,119,469402,22657,0.436
Overton,2008,"20,975","10,118","9,208",910,8,100,498739,23814,
Overton,2009,"21,060","10,098","8,757","1,341",12,127,524384,25065,
Overton,2010,"22,083","9,945","8,892","1,053",15,149,522519,24811,
Perry,2001,"7,497","3,366","3,124",242,5,7,164850,21586,0.51986923
Perry,2002,"7,543","3,212","2,977",235,4,8,166145,22162,
Perry,2003,"7,620","3,198","2,975",223,11,18,161549,21417,
Perry,2004,"7,594","3,191","2,976",215,6,18,170928,22431,
Perry,2005,"7,587","3,297","3,059",238,4,11,184683,24320,
Perry,2006,"7,607","3,288","3,069",219,4,16,193227,25468,
Perry,2007,"7,678","3,118","2,870",248,5,48,197830,26006,0.417
Perry,2008,"7,753","2,981","2,503",478,1,11,206708,26922,
Perry,2009,"7,826","2,826","2,179",647,2,11,206825,26605,
Perry,2010,"7,915","2,680","2,254",426,3,28,203719,26031,
Pickett,2001,"4,961","2,149","1,954",195,0,16,87721,17793,0.463471509
Pickett,2002,"5,019","2,064","1,865",199,0,8,88178,17774,
Pickett,2003,"4,916","2,016","1,837",179,1,2,87965,17526,
Pickett,2004,"4,836","1,934","1,765",169,0,6,91374,18587,
Pickett,2005,"4,811","1,862","1,703",159,1,7,99830,20643,
Pickett,2006,"4,803","1,889","1,730",159,0,2,103928,21602,
Pickett,2007,"4,791","1,913","1,752",161,0,1,106706,22217,0.491
Pickett,2008,"4,801","1,894","1,690",204,0,0,115053,24014,
Pickett,2009,"4,783","1,820","1,548",272,1,0,120964,25055,
Pickett,2010,"5,077","1,851","1,587",264,0,14,120230,25137,
Polk,2001,"16,218","7,403","7,036",367,3,101,329904,20486,0.450591387
Polk,2002,"16,007","7,307","6,875",432,6,99,344231,21225,
Polk,2003,"15,967","7,359","6,907",452,16,161,342330,21386,
Polk,2004,"15,777","7,290","6,874",416,18,209,349605,21895,
Polk,2005,"15,749","7,312","6,878",434,14,145,373598,23680,
Polk,2006,"15,780","7,373","6,958",415,9,179,388484,24667,
Polk,2007,"15,726","7,051","6,682",369,20,246,397493,25190,0.429
Polk,2008,"15,671","7,042","6,474",568,23,189,429227,27294,
Polk,2009,"15,648","7,076","6,190",886,33,201,439725,27884,
Polk,2010,"16,825","7,072","6,252",820,15,166,429825,27468,
Putnam,2001,"63,227","31,702","30,191","1,511",59,383,1454283,23267,0.466456635
Putnam,2002,"64,205","32,347","30,571","1,776",46,275,1492164,23600,
Putnam,2003,"65,036","33,078","31,413","1,665",52,373,1540118,23988,
Putnam,2004,"66,037","34,008","32,445","1,563",64,397,1614681,24827,
Putnam,2005,"67,124","34,155","32,439","1,716",46,272,1699926,25742,
Putnam,2006,"68,834","35,248","33,231","2,017",65,360,1771475,26391,
Putnam,2007,"69,933","35,164","33,505","1,659",80,360,1871221,27185,0.475
Putnam,2008,"71,160","36,077","33,746","2,331",52,397,2026181,28973,
Putnam,2009,"72,431","36,004","32,533","3,471",51,379,2133184,29890,
Putnam,2010,"72,321","36,299","33,034","3,265",84,407,2153993,29739,
Rhea,2001,"28,578","12,856","12,124",732,20,155,569504,20028,0.449608202
Rhea,2002,"28,829","12,882","12,129",753,11,121,569965,19944,
Rhea,2003,"29,178","13,154","12,361",793,16,167,603890,20947,
Rhea,2004,"29,358","13,320","12,466",854,14,133,637916,21863,
Rhea,2005,"29,764","13,312","12,410",902,18,164,661254,22524,
Rhea,2006,"30,249","13,283","12,448",835,11,155,678864,22808,
Rhea,2007,"30,565","13,000","12,215",785,11,204,720254,23811,0.435
Rhea,2008,"30,781","13,451","12,376","1,075",14,232,773219,25298,
Rhea,2009,"31,516","13,460","11,651","1,809",22,237,793755,25548,
Rhea,2010,"31,809","13,279","11,601","1,678",21,248,795098,25228,
Roane,2001,"52,044","24,987","23,798","1,189",59,362,1178566,22691,0.465240701
Roane,2002,"52,094","25,405","24,009","1,396",58,430,1189657,22859,
Roane,2003,"52,404","25,534","24,128","1,406",79,386,1252805,24049,
Roane,2004,"52,624","25,203","23,738","1,465",67,526,1315164,25097,
Roane,2005,"52,556","25,918","24,404","1,514",74,482,1402651,26654,
Roane,2006,"53,084","26,758","25,313","1,445",63,295,1484501,28246,
Roane,2007,"53,309","26,691","25,467","1,224",60,278,1567646,29531,0.439
Roane,2008,"53,430","27,249","25,642","1,607",30,341,1671069,31347,
Roane,2009,"53,508","27,476","24,986","2,490",32,257,1757379,32865,
Roane,2010,"54,181","27,738","25,515","2,223",35,295,1766578,33015,
Robertson,2001,"55,962","30,055","28,748","1,307",114,290,1420361,25905,0.40279726
Robertson,2002,"56,954","30,219","28,694","1,525",112,239,1433871,25622,
Robertson,2003,"57,874","30,700","29,102","1,598",77,275,1470711,25823,
Robertson,2004,"58,871","31,091","29,580","1,511",105,246,1550170,26785,
Robertson,2005,"60,019","31,878","30,326","1,552",136,257,1676512,28478,
Robertson,2006,"61,928","33,008","31,537","1,471",118,234,1786299,29762,
Robertson,2007,"63,652","32,636","31,154","1,482",142,263,1901610,30707,0.404
Robertson,2008,"64,898","33,498","31,433","2,065",170,286,1998939,31404,
Robertson,2009,"66,581","33,969","30,521","3,448",159,264,2127176,32514,
Robertson,2010,"66,283","34,045","31,083","2,962",125,233,2035369,30570,
Rutherford,2001,"189,690","105,185","101,212","3,973",262,"1,299",4969423,27070,0.391147322
Rutherford,2002,"196,074","106,733","102,247","4,486",232,"1,171",5025532,26493,
Rutherford,2003,"202,672","110,210","105,345","4,865",251,"1,503",5226102,26654,
Rutherford,2004,"210,774","113,982","109,238","4,744",260,"1,505",5593296,27598,
Rutherford,2005,"219,976","119,257","114,275","4,982",335,"1,643",6042873,28670,
Rutherford,2006,"231,510","126,041","120,954","5,087",404,"1,540",6525057,29663,
Rutherford,2007,"242,005","128,778","123,802","4,976",368,"1,734",7035126,30388,0.405
Rutherford,2008,"249,270","133,581","125,837","7,744",385,"1,145",7572255,31290,
Rutherford,2009,"257,048","135,844","122,816","13,028",417,"1,415",7904371,31571,
Rutherford,2010,"262,604","136,961","125,078","11,883",415,"1,408",7810675,30386,
Scott,2001,"21,450","8,805","8,196",609,34,157,357690,16895,0.477897112
Scott,2002,"21,532","8,537","7,615",922,38,191,377314,17590,
Scott,2003,"21,460","8,465","7,634",831,40,219,382397,17759,
Scott,2004,"21,546","8,412","7,790",622,24,212,388954,18125,
Scott,2005,"21,681","8,545","7,953",592,43,163,417116,19359,
Scott,2006,"21,820","8,747","8,159",588,49,165,432488,19948,
Scott,2007,"21,948","8,659","8,027",632,39,154,439040,20121,0.429
Scott,2008,"22,039","8,541","7,553",988,32,221,473220,21561,
Scott,2009,"21,866","8,511","6,959","1,552",34,234,482209,21975,
Scott,2010,"22,228","8,302","6,735","1,567",35,173,488505,22341,
Sequatchie,2001,"11,540","5,397","5,133",264,30,52,222942,19508,0.466338132
Sequatchie,2002,"11,772","5,442","5,167",275,19,46,241456,20923,
Sequatchie,2003,"12,044","5,529","5,238",291,8,63,242866,20631,
Sequatchie,2004,"12,362","5,657","5,350",307,12,14,257998,21421,
Sequatchie,2005,"12,710","5,866","5,531",335,6,46,286022,23137,
Sequatchie,2006,"13,125","6,057","5,782",275,3,32,310647,24441,
Sequatchie,2007,"13,464","6,100","5,793",307,10,40,344272,26230,0.441
Sequatchie,2008,"13,580","6,271","5,794",477,18,63,366658,27232,
Sequatchie,2009,"13,915","6,306","5,532",774,15,117,393018,28746,
Sequatchie,2010,"14,112","6,269","5,609",660,20,74,397226,28547,
Sevier,2001,"73,218","40,126","37,886","2,240",54,385,1647280,22974,0.435989666
Sevier,2002,"74,398","40,950","38,518","2,432",66,373,1767482,24140,
Sevier,2003,"75,636","42,936","40,365","2,571",68,392,1952253,26241,
Sevier,2004,"77,311","44,128","41,368","2,760",59,419,2038782,26955,
Sevier,2005,"79,607","45,540","42,782","2,758",64,358,2165338,28008,
Sevier,2006,"82,075","47,161","44,578","2,583",73,359,2343120,29434,
Sevier,2007,"83,952","47,691","45,232","2,459",86,431,2535060,30887,0.423
Sevier,2008,"84,835","48,498","45,064","3,434",115,546,2672538,31834,
Sevier,2009,"86,243","48,727","43,473","5,254",105,497,2755231,32277,
Sevier,2010,"89,889","49,191","44,143","5,048",119,495,2755417,31949,
Shelby,2001,"899,543","438,823","419,189","19,634","7,105","4,687",27941148,31105,0.476438791
Shelby,2002,"902,605","434,196","410,834","23,362","7,238","4,393",29824183,33155,
Shelby,2003,"906,280","436,201","409,967","26,234","6,906","5,145",30688100,33999,
Shelby,2004,"908,922","430,456","404,197","26,259","6,538","5,626",31504263,34762,
Shelby,2005,"912,418","434,479","407,357","27,122","7,951","6,488",33095510,36412,
Shelby,2006,"919,179","440,687","415,365","25,322","7,920","6,827",34129205,37405,
Shelby,2007,"919,964","440,701","417,497","23,204","7,654","7,514",36103204,39278,0.498
Shelby,2008,"906,825","440,238","409,742","30,496","7,598","6,505",37635149,40909,
Shelby,2009,"920,232","438,004","394,017","43,987","7,081","6,655",38250620,41616,
Shelby,2010,"927,644","432,370","389,076","43,294","5,938","6,928",37312756,40547,
Smith,2001,"17,962","8,914","8,469",445,16,32,396946,22310,0.435610363
Smith,2002,"18,096","8,833","8,379",454,19,26,411802,22926,
Smith,2003,"18,208","9,171","8,414",757,28,40,407366,22511,
Smith,2004,"18,263","9,065","8,451",614,21,37,425282,23357,
Smith,2005,"18,466","9,163","8,610",553,20,77,452549,24780,
Smith,2006,"18,663","9,280","8,742",538,12,46,477363,25851,
Smith,2007,"18,857","9,024","8,522",502,21,77,499053,26740,0.453
Smith,2008,"19,107","9,265","8,508",757,20,99,535164,28380,
Smith,2009,"19,201","9,353","8,091","1,262",16,65,558299,29184,
Smith,2010,"19,166","9,199","8,240",959,11,61,519675,27065,
Stewart,2001,"12,555","5,606","5,297",309,7,31,241624,19412,0.422104369
Stewart,2002,"12,679","5,744","5,371",373,4,11,255782,20373,
Stewart,2003,"12,717","5,833","5,435",398,7,18,260068,20512,
Stewart,2004,"12,669","5,885","5,490",395,3,27,274523,21587,
Stewart,2005,"12,870","5,942","5,502",440,14,33,287096,22661,
Stewart,2006,"12,886","6,256","5,778",478,9,25,313239,24339,
Stewart,2007,"13,037","5,819","5,449",370,6,40,329195,25547,0.432
Stewart,2008,"13,226","5,931","5,424",507,11,41,350862,26913,
Stewart,2009,"13,340","5,912","5,213",699,15,41,370371,27938,
Stewart,2010,"13,324","6,077","5,360",717,9,27,377466,28296,
Sullivan,2001,"152,421","73,309","70,137","3,172",175,642,3817274,24962,0.468341287
Sullivan,2002,"152,605","73,129","69,274","3,855",215,561,3994319,26206,
Sullivan,2003,"152,392","73,747","69,516","4,231",203,578,4118559,26988,
Sullivan,2004,"151,601","72,221","68,159","4,062",213,637,4190814,27500,
Sullivan,2005,"151,974","72,399","68,619","3,780",206,774,4354854,28726,
Sullivan,2006,"152,505","73,631","70,282","3,349",207,821,4443694,29240,
Sullivan,2007,"153,500","72,991","69,967","3,024",184,927,4774531,31307,0.46
Sullivan,2008,"153,900","74,660","70,692","3,968",197,"1,023",5113346,33312,
Sullivan,2009,"154,552","74,973","68,423","6,550",193,852,5334947,34634,
Sullivan,2010,"156,823","74,835","68,516","6,319",157,874,5267213,34081,
Sumner,2001,"133,631","71,826","68,521","3,305",173,793,3635684,27719,0.409347231
Sumner,2002,"136,009","71,647","68,354","3,293",131,792,3735302,27952,
Sumner,2003,"137,950","72,697","69,262","3,435",153,"1,008",3768921,27711,
Sumner,2004,"140,853","74,079","70,758","3,321",145,"1,112",3947644,28616,
Sumner,2005,"143,782","76,287","72,765","3,522",159,"1,411",4240655,30107,
Sumner,2006,"148,547","79,008","75,704","3,304",179,"1,465",4527163,31486,
Sumner,2007,"152,578","78,404","75,058","3,346",169,"1,484",4883961,32878,0.415
Sumner,2008,"155,474","80,016","75,233","4,783",161,"1,214",5247825,34394,
Sumner,2009,"158,759","80,573","72,710","7,863",166,"1,225",5426127,34849,
Sumner,2010,"160,645","81,144","74,050","7,094",161,982,5327541,33557,
Tipton,2001,"52,517","25,797","24,578","1,219",56,168,1197355,23233,0.426161213
Tipton,2002,"53,064","25,724","24,280","1,444",91,324,1254626,23890,
Tipton,2003,"53,575","26,177","24,482","1,695",101,390,1269284,23920,
Tipton,2004,"53,942","25,971","24,323","1,648",110,314,1332106,24864,
Tipton,2005,"55,202","26,777","25,049","1,728",113,403,1423752,26394,
Tipton,2006,"56,460","27,647","26,104","1,543",106,440,1539613,27891,
Tipton,2007,"57,719","27,911","26,416","1,495",113,439,1652397,29267,0.4
Tipton,2008,"58,706","28,748","26,479","2,269",119,408,1767990,30631,
Tipton,2009,"59,495","29,002","25,429","3,573",95,382,1897291,32244,
Tipton,2010,"61,081","28,190","25,110","3,080",106,417,1930666,32451,
Trousdale,2001,"7,288","3,605","3,400",205,11,50,155039,21215,0.42744788
Trousdale,2002,"7,287","3,523","3,340",183,13,33,157043,21548,
Trousdale,2003,"7,264","3,563","3,354",209,5,44,159242,21853,
Trousdale,2004,"7,301","3,585","3,377",208,6,82,164480,22643,
Trousdale,2005,"7,433","3,718","3,471",247,17,61,168698,23106,
Trousdale,2006,"7,531","3,796","3,566",230,4,29,177438,23872,
Trousdale,2007,"7,709","3,637","3,422",215,16,35,188418,25019,0.428
Trousdale,2008,"7,822","3,722","3,411",311,12,35,200348,25989,
Trousdale,2009,"7,922","3,717","3,270",447,12,21,209209,26767,
Trousdale,2010,"7,870","3,719","3,330",389,9,17,204005,25752,
Unicoi,2001,"17,559","8,166","7,664",502,8,32,385163,21801,0.410786655
Unicoi,2002,"17,612","8,155","7,590",565,17,60,390175,22221,
Unicoi,2003,"17,687","8,239","7,680",559,6,83,394201,22383,
Unicoi,2004,"17,633","8,282","7,756",526,8,90,417529,23607,
Unicoi,2005,"17,558","8,249","7,736",513,15,76,454297,25764,
Unicoi,2006,"17,693","8,383","7,861",522,20,204,472528,26912,
Unicoi,2007,"17,702","8,315","7,862",453,15,193,490506,27723,0.454
Unicoi,2008,"17,718","8,437","7,810",627,8,142,518399,29285,
Unicoi,2009,"17,740","8,468","7,492",976,14,202,538479,30359,
Unicoi,2010,"18,313","8,455","7,577",878,13,122,534259,30116,
Union,2001,"18,283","8,408","8,042",366,16,68,316613,17728,0.451607259
Union,2002,"18,402","8,577","8,169",408,21,94,331166,18113,
Union,2003,"18,581","8,675","8,233",442,16,80,342550,18615,
Union,2004,"18,570","8,718","8,270",448,16,89,347496,18702,
Union,2005,"18,637","8,830","8,336",494,13,45,367033,19765,
Union,2006,"18,787","8,869","8,436",433,20,46,396825,21292,
Union,2007,"18,931","8,704","8,302",402,20,52,418062,22253,0.415
Union,2008,"19,008","8,806","8,252",554,9,41,434225,22937,
Union,2009,"19,164","8,909","7,950",959,23,54,447502,23407,
Union,2010,"19,109","8,888","8,062",826,18,69,449338,23447,
Van Buren,2001,"5,470","2,616","2,449",167,3,26,102996,18689,0.527755052
Van Buren,2002,"5,491","2,518","2,342",176,4,9,109433,20006,
Van Buren,2003,"5,390","2,502","2,312",190,4,14,113204,20616,
Van Buren,2004,"5,377","2,484","2,325",159,1,50,118500,21985,
Van Buren,2005,"5,369","2,489","2,274",215,2,15,128994,23990,
Van Buren,2006,"5,350","2,504","2,305",199,6,28,132163,24616,
Van Buren,2007,"5,428","2,472","2,319",153,1,14,137187,25642,0.427
Van Buren,2008,"5,481","2,508","2,299",209,3,4,137611,25352,
Van Buren,2009,"5,480","2,450","2,088",362,1,8,144206,26277,
Van Buren,2010,"5,548","2,337","2,026",311,2,32,147693,26951,
Warren,2001,"38,682","18,827","17,561","1,266",59,297,811052,21119,0.440605002
Warren,2002,"38,691","19,348","18,071","1,277",39,258,789717,20416,
Warren,2003,"39,072","19,628","18,474","1,154",42,183,802007,20729,
Warren,2004,"39,184","19,297","18,276","1,021",36,196,843119,21579,
Warren,2005,"39,372","18,567","17,090","1,477",33,149,892492,22777,
Warren,2006,"39,652","18,282","16,641","1,641",40,130,928023,23571,
Warren,2007,"39,910","17,699","16,525","1,174",41,188,969243,24444,0.458
Warren,2008,"39,842","17,515","16,027","1,488",17,195,1001329,25090,
Warren,2009,"40,481","17,137","14,694","2,443",23,210,1054543,26257,
Warren,2010,"39,839","17,100","15,139","1,961",40,283,1041998,25740,
Washington,2001,"107,651","55,350","52,651","2,699",166,399,2577693,23981,0.470693113
Washington,2002,"109,294","55,720","52,683","3,037",158,388,2705065,25128,
Washington,2003,"110,172","56,498","53,532","2,966",176,365,2786806,25498,
Washington,2004,"111,133","57,609","54,694","2,915",145,473,2884072,26178,
Washington,2005,"112,664","58,497","55,617","2,880",198,575,3103380,27925,
Washington,2006,"114,895","59,840","57,129","2,711",112,572,3237443,28735,
Washington,2007,"116,717","60,739","58,185","2,554",179,550,3494337,30413,0.461
Washington,2008,"118,639","62,225","58,717","3,508",112,504,3771443,32313,
Washington,2009,"120,598","62,602","57,190","5,412",163,517,4039939,33985,
Washington,2010,"122,979","63,044","57,837","5,207",118,507,4026916,33391,
Wayne,2001,"17,029","6,747","6,113",634,11,41,252280,14987,0.467999318
Wayne,2002,"16,965","6,766","6,158",608,12,38,269233,15810,
Wayne,2003,"16,845","6,686","6,015",671,16,72,272811,16081,
Wayne,2004,"16,761","6,611","6,038",573,19,82,279103,16569,
Wayne,2005,"16,696","6,583","5,781",802,16,89,300742,17943,
Wayne,2006,"16,664","6,610","5,922",688,18,127,305579,18303,
Wayne,2007,"16,575","6,587","6,082",505,10,172,314774,18889,0.418
Wayne,2008,"16,614","6,644","5,974",670,6,171,340724,20557,
Wayne,2009,"16,506","6,689","5,797",892,6,219,349238,21142,
Wayne,2010,"17,021","6,627","5,793",834,14,72,351271,21281,
Weakley,2001,"34,351","17,098","16,073","1,025",31,146,720169,20639,0.447040152
Weakley,2002,"34,208","16,990","15,914","1,076",37,145,747458,21759,
Weakley,2003,"33,944","16,449","15,089","1,360",54,144,747119,21840,
Weakley,2004,"33,544","15,708","14,539","1,169",33,273,772749,22765,
Weakley,2005,"33,542","15,504","14,422","1,082",37,198,811526,24193,
Weakley,2006,"33,336","15,657","14,590","1,067",22,144,861858,25695,
Weakley,2007,"33,231","15,531","14,478","1,053",25,175,871619,26146,0.478
Weakley,2008,"33,375","15,662","14,378","1,284",31,143,912487,27459,
Weakley,2009,"33,459","15,940","13,967","1,973",40,148,951363,28502,
Weakley,2010,"35,021","15,808","13,980","1,828",35,212,970255,28998,
White,2001,"23,408","10,600","9,963",637,38,89,437751,18925,0.434719219
White,2002,"23,554","10,512","9,807",705,39,97,443226,18935,
White,2003,"23,608","10,744","9,899",845,20,124,451131,19153,
White,2004,"23,885","10,854","10,199",655,14,103,471948,19991,
White,2005,"24,254","10,929","9,861","1,068",20,66,516863,21640,
White,2006,"24,592","10,813","9,831",982,20,68,533250,21986,
White,2007,"24,966","10,470","9,812",658,30,49,540355,21973,0.43
White,2008,"25,129","10,627","9,736",891,14,61,571952,22909,
White,2009,"25,444","10,674","9,172","1,502",19,84,588176,23313,
White,2010,"25,841","10,897","9,600","1,297",18,138,589000,23149,
Williamson,2001,"132,234","71,567","69,506","2,061",82,366,5331782,41623,0.435314422
Williamson,2002,"136,335","72,700","70,153","2,547",63,409,5515564,41711,
Williamson,2003,"140,826","75,180","72,434","2,746",86,559,5689362,41731,
Williamson,2004,"146,014","78,043","75,176","2,867",71,480,6041378,42900,
Williamson,2005,"152,208","82,099","78,955","3,144",92,447,6742343,46176,
Williamson,2006,"159,540","86,499","83,451","3,048",87,534,7482924,49162,
Williamson,2007,"166,732","86,958","83,639","3,319",79,545,8473241,53110,0.442
Williamson,2008,"171,452","89,098","84,990","4,108",77,493,9217133,55281,
Williamson,2009,"176,838","89,675","82,967","6,708",84,534,9610008,55770,
Williamson,2010,"183,182","90,915","84,495","6,420",58,621,9441735,53392,
Wilson,2001,"91,051","50,535","48,610","1,925",123,477,2755084,30865,0.405365943
Wilson,2002,"93,035","50,837","48,628","2,209",129,538,2785850,30597,
Wilson,2003,"94,836","52,005","49,567","2,438",128,510,2880195,30958,
Wilson,2004,"97,013","54,895","52,388","2,507",98,557,3013300,31774,
Wilson,2005,"99,762","57,310","54,754","2,556",163,674,3200445,32990,
Wilson,2006,"103,446","56,679","54,295","2,384",197,850,3411023,34192,
Wilson,2007,"106,535","58,555","55,192","3,363",167,826,3698909,35757,0.404
Wilson,2008,"109,803","58,727","53,462","5,265",152,697,3942743,37009,
Wilson,2009,"112,377","59,362","54,446","4,916",169,680,4110947,37290,
Wilson,2010,"113,993",204,695,,,,4001916,35612,
