County,Year,Labor Force,Employed,Unemployed,Unemployment Rate
Anderson,2001,"34,442","32,805","1,637",4.8
Anderson,2002,"34,675","33,020","1,655",4.8
Anderson,2003,"34,770","32,928","1,842",5.3
Anderson,2004,"34,744","33,030","1,714",4.9
Anderson,2005,"34,933","33,131","1,802",5.2
Anderson,2006,"35,738","34,042","1,696",4.7
Anderson,2007,"35,386","33,825","1,561",4.4
Anderson,2008,"35,798","33,708","2,090",5.8
Anderson,2009,"36,043","32,501","3,542",9.8
Anderson,2010,"36,211","32,961","3,250",9
Bedford,2001,"19,880","18,837","1,043",5.2
Bedford,2002,"19,967","18,862","1,105",5.5
Bedford,2003,"20,889","19,456","1,433",6.9
Bedford,2004,"21,068","19,923","1,145",5.4
Bedford,2005,"21,693","20,515","1,178",5.4
Bedford,2006,"22,152","20,989","1,163",5.3
Bedford,2007,"22,675","21,540","1,135",5
Bedford,2008,"22,488","20,958","1,530",6.8
Bedford,2009,"22,413","19,691","2,722",12.1
Bedford,2010,"22,945","20,285","2,660",11.6
Benton,2001,"7,113","6,592",521,7.3
Benton,2002,"6,978","6,460",518,7.4
Benton,2003,"6,983","6,308",675,9.7
Benton,2004,"6,860","6,278",582,8.5
Benton,2005,"6,819","6,254",565,8.3
Benton,2006,"6,945","6,448",497,7.2
Benton,2007,"6,910","6,472",438,6.3
Benton,2008,"7,059","6,440",619,8.8
Benton,2009,"7,052","6,078",974,13.8
Benton,2010,"7,076","6,192",884,12.5
Bledsoe,2001,"4,965","4,719",246,5
Bledsoe,2002,"5,089","4,791",298,5.9
Bledsoe,2003,"5,013","4,634",379,7.6
Bledsoe,2004,"4,786","4,424",362,7.6
Bledsoe,2005,"4,665","4,298",367,7.9
Bledsoe,2006,"4,864","4,547",317,6.5
Bledsoe,2007,"4,877","4,583",294,6
Bledsoe,2008,"4,923","4,508",415,8.4
Bledsoe,2009,"4,930","4,243",687,13.9
Bledsoe,2010,"4,896","4,269",627,12.8
Blount,2001,"55,864","53,459","2,405",4.3
Blount,2002,"56,933","54,468","2,465",4.3
Blount,2003,"57,621","54,987","2,634",4.6
Blount,2004,"58,571","56,059","2,512",4.3
Blount,2005,"59,769","56,962","2,807",4.7
Blount,2006,"61,616","58,937","2,679",4.3
Blount,2007,"62,021","59,476","2,545",4.1
Blount,2008,"63,443","59,523","3,920",6.2
Blount,2009,"63,713","57,465","6,248",9.8
Blount,2010,"63,591","58,278","5,313",8.4
Bradley,2001,"44,962","43,073","1,889",4.2
Bradley,2002,"44,851","42,628","2,223",5
Bradley,2003,"45,362","42,992","2,370",5.2
Bradley,2004,"46,191","43,852","2,339",5.1
Bradley,2005,"46,838","44,374","2,464",5.3
Bradley,2006,"48,016","45,605","2,411",5
Bradley,2007,"47,656","45,432","2,224",4.7
Bradley,2008,"47,562","44,513","3,049",6.4
Bradley,2009,"47,661","43,168","4,493",9.4
Bradley,2010,"47,906","43,605","4,301",9
Campbell,2001,"16,245","15,213","1,032",6.4
Campbell,2002,"16,297","15,210","1,087",6.7
Campbell,2003,"16,546","15,384","1,162",7
Campbell,2004,"16,908","15,888","1,020",6
Campbell,2005,"16,888","15,881","1,007",6
Campbell,2006,"16,866","15,833","1,033",6.1
Campbell,2007,"16,815","15,882",933,5.5
Campbell,2008,"16,990","15,667","1,323",7.8
Campbell,2009,"16,969","14,747","2,222",13.1
Campbell,2010,"16,718","14,692","2,026",12.1
Cannon,2001,"6,385","6,120",265,4.2
Cannon,2002,"6,300","6,003",297,4.7
Cannon,2003,"6,351","6,029",322,5.1
Cannon,2004,"6,365","6,065",300,4.7
Cannon,2005,"6,459","6,119",340,5.3
Cannon,2006,"6,563","6,230",333,5.1
Cannon,2007,"6,357","6,036",321,5
Cannon,2008,"6,595","6,108",487,7.4
Cannon,2009,"6,590","5,805",785,11.9
Cannon,2010,"6,533","5,911",622,9.5
Carroll,2001,"13,918","12,871","1,047",7.5
Carroll,2002,"13,850","12,567","1,283",9.3
Carroll,2003,"13,869","12,567","1,302",9.4
Carroll,2004,"13,801","12,663","1,138",8.2
Carroll,2005,"13,724","12,679","1,045",7.6
Carroll,2006,"13,959","13,073",886,6.3
Carroll,2007,"13,659","12,763",896,6.6
Carroll,2008,"13,782","12,519","1,263",9.2
Carroll,2009,"13,745","11,560","2,185",15.9
Carroll,2010,"13,883","11,846","2,037",14.7
Carter,2001,"27,678","26,282","1,396",5
Carter,2002,"27,726","25,895","1,831",6.6
Carter,2003,"28,658","26,825","1,833",6.4
Carter,2004,"28,982","27,251","1,731",6
Carter,2005,"29,111","27,433","1,678",5.8
Carter,2006,"29,353","27,871","1,482",5
Carter,2007,"29,318","27,835","1,483",5.1
Carter,2008,"29,729","27,758","1,971",6.6
Carter,2009,"29,408","26,396","3,012",10.2
Carter,2010,"29,619","26,694","2,925",9.9
Cheatham,2001,"19,628","18,957",671,3.4
Cheatham,2002,"19,590","18,797",793,4
Cheatham,2003,"19,691","18,845",846,4.3
Cheatham,2004,"20,097","19,178",919,4.6
Cheatham,2005,"20,489","19,591",898,4.4
Cheatham,2006,"20,843","19,995",848,4.1
Cheatham,2007,"20,251","19,442",809,4
Cheatham,2008,"20,396","19,281","1,115",5.5
Cheatham,2009,"20,382","18,471","1,911",9.4
Cheatham,2010,"20,669","18,811","1,858",9
Chester,2001,"7,512","7,163",349,4.6
Chester,2002,"7,547","7,064",483,6.4
Chester,2003,"7,381","6,933",448,6.1
Chester,2004,"7,502","7,071",431,5.7
Chester,2005,"7,630","7,173",457,6
Chester,2006,"7,735","7,315",420,5.4
Chester,2007,"7,811","7,383",428,5.5
Chester,2008,"7,950","7,396",554,7
Chester,2009,"7,858","6,977",881,11.2
Chester,2010,"7,824","7,023",801,10.2
Claiborne,2001,"12,488","11,799",689,5.5
Claiborne,2002,"12,687","11,969",718,5.7
Claiborne,2003,"12,816","12,067",749,5.8
Claiborne,2004,"12,712","12,005",707,5.6
Claiborne,2005,"13,079","12,346",733,5.6
Claiborne,2006,"13,370","12,643",727,5.4
Claiborne,2007,"13,066","12,336",730,5.6
Claiborne,2008,"13,337","12,334","1,003",7.5
Claiborne,2009,"13,171","11,593","1,578",12
Claiborne,2010,"12,995","11,549","1,446",11.1
Clay,2001,"3,570","3,317",253,7.1
Clay,2002,"3,747","3,473",274,7.3
Clay,2003,"3,856","3,513",343,8.9
Clay,2004,"3,640","3,304",336,9.2
Clay,2005,"3,597","3,180",417,11.6
Clay,2006,"3,625","3,226",399,11
Clay,2007,"3,485","3,197",288,8.3
Clay,2008,"3,483","3,112",371,10.7
Clay,2009,"3,336","2,850",486,14.6
Clay,2010,"3,335","2,928",407,12.2
Cocke,2001,"15,508","14,311","1,197",7.7
Cocke,2002,"15,472","14,289","1,183",7.6
Cocke,2003,"15,645","14,295","1,350",8.6
Cocke,2004,"15,531","14,272","1,259",8.1
Cocke,2005,"15,950","14,718","1,232",7.7
Cocke,2006,"16,245","15,057","1,188",7.3
Cocke,2007,"16,388","15,317","1,071",6.5
Cocke,2008,"16,510","15,056","1,454",8.8
Cocke,2009,"16,629","14,322","2,307",13.9
Cocke,2010,"16,518","14,342","2,176",13.2
Coffee,2001,"24,143","23,045","1,098",4.5
Coffee,2002,"24,795","23,557","1,238",5
Coffee,2003,"25,513","24,229","1,284",5
Coffee,2004,"25,387","24,163","1,224",4.8
Coffee,2005,"25,537","24,121","1,416",5.5
Coffee,2006,"25,709","24,299","1,410",5.5
Coffee,2007,"25,641","24,428","1,213",4.7
Coffee,2008,"25,734","24,107","1,627",6.3
Coffee,2009,"25,530","22,802","2,728",10.7
Coffee,2010,"25,549","22,974","2,575",10.1
Crockett,2001,"6,728","6,340",388,5.8
Crockett,2002,"6,947","6,444",503,7.2
Crockett,2003,"6,980","6,347",633,9.1
Crockett,2004,"6,653","6,128",525,7.9
Crockett,2005,"6,473","5,966",507,7.8
Crockett,2006,"6,502","6,054",448,6.9
Crockett,2007,"6,509","6,092",417,6.4
Crockett,2008,"6,466","5,888",578,8.9
Crockett,2009,"6,518","5,668",850,13
Crockett,2010,"6,664","5,813",851,12.8
Cumberland,2001,"20,869","19,487","1,382",6.6
Cumberland,2002,"22,078","20,703","1,375",6.2
Cumberland,2003,"22,572","21,066","1,506",6.7
Cumberland,2004,"21,938","20,529","1,409",6.4
Cumberland,2005,"22,513","21,013","1,500",6.7
Cumberland,2006,"23,186","21,745","1,441",6.2
Cumberland,2007,"22,901","21,592","1,309",5.7
Cumberland,2008,"23,200","21,375","1,825",7.9
Cumberland,2009,"23,030","20,429","2,601",11.3
Cumberland,2010,"22,900","20,451","2,449",10.7
Davidson,2001,"307,102","295,912","11,190",3.6
Davidson,2002,"301,607","288,358","13,249",4.4
Davidson,2003,"301,839","287,810","14,029",4.6
Davidson,2004,"302,599","288,783","13,816",4.6
Davidson,2005,"305,809","291,946","13,863",4.5
Davidson,2006,"309,633","296,540","13,093",4.2
Davidson,2007,"320,765","307,988","12,777",4
Davidson,2008,"323,996","306,432","17,564",5.4
Davidson,2009,"322,986","294,458","28,528",8.8
Davidson,2010,"328,687","299,882","28,805",8.8
Decatur,2001,"5,530","5,133",397,7.2
Decatur,2002,"5,481","5,031",450,8.2
Decatur,2003,"5,511","5,052",459,8.3
Decatur,2004,"5,479","5,076",403,7.4
Decatur,2005,"5,465","5,038",427,7.8
Decatur,2006,"5,532","5,170",362,6.5
Decatur,2007,"5,713","5,381",332,5.8
Decatur,2008,"5,676","5,195",481,8.5
Decatur,2009,"5,702","4,944",758,13.3
Decatur,2010,"5,683","4,983",700,12.3
DeKalb,2001,"8,501","8,039",462,5.4
DeKalb,2002,"9,084","8,618",466,5.1
DeKalb,2003,"9,579","9,095",484,5.1
DeKalb,2004,"9,719","9,224",495,5.1
DeKalb,2005,"9,824","9,252",572,5.8
DeKalb,2006,"10,258","9,702",556,5.4
DeKalb,2007,"10,277","9,801",476,4.6
DeKalb,2008,"10,174","9,493",681,6.7
DeKalb,2009,"9,999","8,916","1,083",10.8
DeKalb,2010,"9,892","8,931",961,9.7
Dickson,2001,"22,246","21,249",997,4.5
Dickson,2002,"22,127","21,035","1,092",4.9
Dickson,2003,"22,417","21,280","1,137",5.1
Dickson,2004,"22,643","21,458","1,185",5.2
Dickson,2005,"22,961","21,819","1,142",5
Dickson,2006,"23,449","22,362","1,087",4.6
Dickson,2007,"23,054","22,056",998,4.3
Dickson,2008,"23,587","21,953","1,634",6.9
Dickson,2009,"23,511","20,929","2,582",11
Dickson,2010,"23,651","21,314","2,337",9.9
Dyer,2001,"17,623","16,446","1,177",6.7
Dyer,2002,"17,241","16,026","1,215",7
Dyer,2003,"17,389","16,176","1,213",7
Dyer,2004,"17,769","16,697","1,072",6
Dyer,2005,"17,450","16,379","1,071",6.1
Dyer,2006,"17,650","16,631","1,019",5.8
Dyer,2007,"17,312","16,420",892,5.2
Dyer,2008,"17,610","16,279","1,331",7.6
Dyer,2009,"17,578","15,142","2,436",13.9
Dyer,2010,"17,161","15,005","2,156",12.6
Fayette,2001,"14,586","13,785",801,5.5
Fayette,2002,"14,777","13,864",913,6.2
Fayette,2003,"15,234","14,290",944,6.2
Fayette,2004,"15,595","14,604",991,6.4
Fayette,2005,"16,164","15,065","1,099",6.8
Fayette,2006,"17,119","16,052","1,067",6.2
Fayette,2007,"17,766","16,646","1,120",6.3
Fayette,2008,"18,183","16,828","1,355",7.5
Fayette,2009,"18,202","16,201","2,001",11
Fayette,2010,"17,906","15,998","1,908",10.7
Fentress,2001,"6,755","6,153",602,8.9
Fentress,2002,"6,954","6,422",532,7.7
Fentress,2003,"7,111","6,542",569,8
Fentress,2004,"7,248","6,764",484,6.7
Fentress,2005,"7,119","6,615",504,7.1
Fentress,2006,"7,621","7,116",505,6.6
Fentress,2007,"7,738","7,231",507,6.6
Fentress,2008,"8,053","7,294",759,9.4
Fentress,2009,"7,973","6,912","1,061",13.3
Fentress,2010,"7,873","6,951",922,11.7
Franklin,2001,"19,197","18,386",811,4.2
Franklin,2002,"19,714","18,751",963,4.9
Franklin,2003,"20,287","19,235","1,052",5.2
Franklin,2004,"20,223","19,150","1,073",5.3
Franklin,2005,"20,084","18,969","1,115",5.6
Franklin,2006,"20,129","18,974","1,155",5.7
Franklin,2007,"20,006","18,981","1,025",5.1
Franklin,2008,"19,899","18,571","1,328",6.7
Franklin,2009,"19,625","17,497","2,128",10.8
Franklin,2010,"19,637","17,630","2,007",10.2
Gibson,2001,"22,661","20,883","1,778",7.8
Gibson,2002,"22,021","20,285","1,736",7.9
Gibson,2003,"21,951","20,034","1,917",8.7
Gibson,2004,"21,553","19,788","1,765",8.2
Gibson,2005,"20,908","19,128","1,780",8.5
Gibson,2006,"21,076","19,448","1,628",7.7
Gibson,2007,"20,841","19,343","1,498",7.2
Gibson,2008,"21,208","19,194","2,014",9.5
Gibson,2009,"21,571","18,423","3,148",14.6
Gibson,2010,"21,659","18,785","2,874",13.3
Giles,2001,"14,848","13,912",936,6.3
Giles,2002,"14,502","13,395","1,107",7.6
Giles,2003,"14,050","12,753","1,297",9.2
Giles,2004,"13,465","12,475",990,7.4
Giles,2005,"13,445","12,460",985,7.3
Giles,2006,"13,450","12,486",964,7.2
Giles,2007,"13,287","12,426",861,6.5
Giles,2008,"13,466","12,384","1,082",8
Giles,2009,"13,415","11,425","1,990",14.8
Giles,2010,"13,458","11,739","1,719",12.8
Grainger,2001,"9,768","9,185",583,6
Grainger,2002,"9,950","9,192",758,7.6
Grainger,2003,"9,891","9,169",722,7.3
Grainger,2004,"9,974","9,368",606,6.1
Grainger,2005,"10,171","9,563",608,6
Grainger,2006,"10,271","9,661",610,5.9
Grainger,2007,"10,080","9,528",552,5.5
Grainger,2008,"10,247","9,430",817,8
Grainger,2009,"10,113","8,703","1,410",13.9
Grainger,2010,"10,059","8,771","1,288",12.8
Greene,2001,"30,945","28,565","2,380",7.7
Greene,2002,"31,020","28,943","2,077",6.7
Greene,2003,"32,065","29,632","2,433",7.6
Greene,2004,"32,354","29,840","2,514",7.8
Greene,2005,"32,384","29,609","2,775",8.6
Greene,2006,"32,677","30,088","2,589",7.9
Greene,2007,"31,310","29,064","2,246",7.2
Greene,2008,"30,278","27,449","2,829",9.3
Greene,2009,"29,881","25,180","4,701",15.7
Greene,2010,"29,788","25,850","3,938",13.2
Grundy,2001,"5,553","5,231",322,5.8
Grundy,2002,"5,690","5,309",381,6.7
Grundy,2003,"5,803","5,439",364,6.3
Grundy,2004,"5,780","5,422",358,6.2
Grundy,2005,"5,831","5,391",440,7.5
Grundy,2006,"5,889","5,416",473,8
Grundy,2007,"5,914","5,550",364,6.2
Grundy,2008,"5,949","5,451",498,8.4
Grundy,2009,"6,012","5,169",843,14
Grundy,2010,"5,984","5,260",724,12.1
Hamblen,2001,"29,956","28,144","1,812",6
Hamblen,2002,"29,399","27,642","1,757",6
Hamblen,2003,"29,131","27,327","1,804",6.2
Hamblen,2004,"29,349","27,723","1,626",5.5
Hamblen,2005,"29,782","28,041","1,741",5.8
Hamblen,2006,"30,402","28,645","1,757",5.8
Hamblen,2007,"29,979","28,504","1,475",4.9
Hamblen,2008,"30,304","28,147","2,157",7.1
Hamblen,2009,"29,955","26,180","3,775",12.6
Hamblen,2010,"29,586","26,386","3,200",10.8
Hamilton,2001,"158,955","153,102","5,853",3.7
Hamilton,2002,"157,992","151,059","6,933",4.4
Hamilton,2003,"157,294","150,112","7,182",4.6
Hamilton,2004,"157,092","149,921","7,171",4.6
Hamilton,2005,"158,655","151,133","7,522",4.7
Hamilton,2006,"162,382","155,182","7,200",4.4
Hamilton,2007,"166,411","159,560","6,851",4.1
Hamilton,2008,"167,968","158,396","9,572",5.7
Hamilton,2009,"164,177","149,484","14,693",8.9
Hamilton,2010,"165,563","151,581","13,982",8.4
Hancock,2001,"2,559","2,374",185,7.2
Hancock,2002,"2,582","2,379",203,7.9
Hancock,2003,"2,640","2,456",184,7
Hancock,2004,"2,437","2,197",240,9.8
Hancock,2005,"2,429","2,209",220,9.1
Hancock,2006,"2,481","2,308",173,7
Hancock,2007,"2,433","2,290",143,5.9
Hancock,2008,"2,562","2,350",212,8.3
Hancock,2009,"2,663","2,271",392,14.7
Hancock,2010,"2,623","2,220",403,15.4
Hardeman,2001,"11,022","10,231",791,7.2
Hardeman,2002,"11,176","10,327",849,7.6
Hardeman,2003,"11,333","10,418",915,8.1
Hardeman,2004,"11,233","10,311",922,8.2
Hardeman,2005,"11,178","10,218",960,8.6
Hardeman,2006,"11,399","10,577",822,7.2
Hardeman,2007,"11,496","10,715",781,6.8
Hardeman,2008,"11,586","10,587",999,8.6
Hardeman,2009,"11,323","9,897","1,426",12.6
Hardeman,2010,"11,038","9,574","1,464",13.3
Hardin,2001,"11,486","10,746",740,6.4
Hardin,2002,"11,546","10,669",877,7.6
Hardin,2003,"11,639","10,555","1,084",9.3
Hardin,2004,"11,391","10,526",865,7.6
Hardin,2005,"11,321","10,493",828,7.3
Hardin,2006,"11,718","10,990",728,6.2
Hardin,2007,"11,854","11,181",673,5.7
Hardin,2008,"11,898","10,988",910,7.6
Hardin,2009,"11,859","10,388","1,471",12.4
Hardin,2010,"12,055","10,671","1,384",11.5
Hawkins,2001,"25,130","23,788","1,342",5.3
Hawkins,2002,"25,109","23,658","1,451",5.8
Hawkins,2003,"25,667","23,947","1,720",6.7
Hawkins,2004,"25,288","23,731","1,557",6.2
Hawkins,2005,"25,674","24,080","1,594",6.2
Hawkins,2006,"26,386","24,866","1,520",5.8
Hawkins,2007,"26,040","24,797","1,243",4.8
Hawkins,2008,"26,990","25,178","1,812",6.7
Hawkins,2009,"27,476","24,396","3,080",11.2
Hawkins,2010,"26,944","24,429","2,515",9.3
Haywood,2001,"9,377","8,682",695,7.4
Haywood,2002,"9,536","8,752",784,8.2
Haywood,2003,"9,602","8,699",903,9.4
Haywood,2004,"9,393","8,584",809,8.6
Haywood,2005,"9,234","8,465",769,8.3
Haywood,2006,"9,700","8,963",737,7.6
Haywood,2007,"9,783","9,074",709,7.2
Haywood,2008,"9,492","8,493",999,10.5
Haywood,2009,"9,291","7,819","1,472",15.8
Haywood,2010,"9,246","7,839","1,407",15.2
Henderson,2001,"12,576","11,698",878,7
Henderson,2002,"12,602","11,573","1,029",8.2
Henderson,2003,"13,022","11,969","1,053",8.1
Henderson,2004,"13,304","12,384",920,6.9
Henderson,2005,"12,779","11,828",951,7.4
Henderson,2006,"12,339","11,508",831,6.7
Henderson,2007,"12,008","11,202",806,6.7
Henderson,2008,"12,098","10,858","1,240",10.2
Henderson,2009,"12,044","9,879","2,165",18
Henderson,2010,"11,743","9,897","1,846",15.7
Henry,2001,"14,690","13,782",908,6.2
Henry,2002,"14,590","13,612",978,6.7
Henry,2003,"14,485","13,260","1,225",8.5
Henry,2004,"14,326","13,165","1,161",8.1
Henry,2005,"14,209","13,141","1,068",7.5
Henry,2006,"14,219","13,201","1,018",7.2
Henry,2007,"13,985","13,083",902,6.4
Henry,2008,"13,929","12,712","1,217",8.7
Henry,2009,"13,664","11,850","1,814",13.3
Henry,2010,"13,710","12,061","1,649",12
Hickman,2001,"9,886","9,375",511,5.2
Hickman,2002,"9,973","9,371",602,6
Hickman,2003,"9,972","9,370",602,6
Hickman,2004,"10,146","9,518",628,6.2
Hickman,2005,"10,252","9,616",636,6.2
Hickman,2006,"10,276","9,717",559,5.4
Hickman,2007,"9,971","9,409",562,5.6
Hickman,2008,"10,148","9,292",856,8.4
Hickman,2009,"10,084","8,782","1,302",12.9
Hickman,2010,"10,132","8,943","1,189",11.7
Houston,2001,"3,631","3,368",263,7.2
Houston,2002,"3,691","3,417",274,7.4
Houston,2003,"3,710","3,424",286,7.7
Houston,2004,"3,780","3,485",295,7.8
Houston,2005,"3,812","3,488",324,8.5
Houston,2006,"3,892","3,604",288,7.4
Houston,2007,"3,864","3,646",218,5.6
Houston,2008,"3,866","3,552",314,8.1
Houston,2009,"3,921","3,449",472,12
Houston,2010,"4,002","3,584",418,10.4
Humphreys,2001,"8,771","8,198",573,6.5
Humphreys,2002,"8,803","8,215",588,6.7
Humphreys,2003,"8,868","8,268",600,6.8
Humphreys,2004,"8,853","8,214",639,7.2
Humphreys,2005,"8,937","8,250",687,7.7
Humphreys,2006,"9,025","8,452",573,6.3
Humphreys,2007,"9,060","8,539",521,5.8
Humphreys,2008,"9,027","8,262",765,8.5
Humphreys,2009,"9,026","7,883","1,143",12.7
Humphreys,2010,"9,219","8,227",992,10.8
Jackson,2001,"5,028","4,730",298,5.9
Jackson,2002,"5,077","4,722",355,7
Jackson,2003,"5,210","4,789",421,8.1
Jackson,2004,"5,219","4,861",358,6.9
Jackson,2005,"5,224","4,774",450,8.6
Jackson,2006,"5,048","4,702",346,6.9
Jackson,2007,"4,927","4,577",350,7.1
Jackson,2008,"4,983","4,552",431,8.6
Jackson,2009,"5,004","4,323",681,13.6
Jackson,2010,"4,956","4,389",567,11.4
Jefferson,2001,"22,550","21,332","1,218",5.4
Jefferson,2002,"22,898","21,428","1,470",6.4
Jefferson,2003,"22,981","21,544","1,437",6.3
Jefferson,2004,"23,404","21,948","1,456",6.2
Jefferson,2005,"23,809","22,398","1,411",5.9
Jefferson,2006,"24,303","22,911","1,392",5.7
Jefferson,2007,"24,174","22,889","1,285",5.3
Jefferson,2008,"24,630","22,875","1,755",7.1
Jefferson,2009,"24,284","21,237","3,047",12.5
Jefferson,2010,"24,332","21,404","2,928",12
Johnson,2001,"6,785","6,244",541,8
Johnson,2002,"6,932","6,338",594,8.6
Johnson,2003,"6,949","6,342",607,8.7
Johnson,2004,"6,933","6,386",547,7.9
Johnson,2005,"7,032","6,454",578,8.2
Johnson,2006,"7,274","6,793",481,6.6
Johnson,2007,"7,315","6,889",426,5.8
Johnson,2008,"7,281","6,650",631,8.7
Johnson,2009,"7,456","6,504",952,12.8
Johnson,2010,"7,332","6,356",976,13.3
Knox,2001,"205,871","198,949","6,922",3.4
Knox,2002,"209,589","201,891","7,698",3.7
Knox,2003,"211,775","203,375","8,400",4
Knox,2004,"213,958","205,466","8,492",4
Knox,2005,"216,490","207,369","9,121",4.2
Knox,2006,"222,137","213,369","8,768",3.9
Knox,2007,"226,513","218,457","8,056",3.6
Knox,2008,"230,276","218,781","11,495",5
Knox,2009,"230,306","211,798","18,508",8
Knox,2010,"232,390","214,797","17,593",7.6
Lake,2001,"2,580","2,408",172,6.7
Lake,2002,"2,725","2,537",188,6.9
Lake,2003,"2,755","2,556",199,7.2
Lake,2004,"2,616","2,438",178,6.8
Lake,2005,"2,601","2,387",214,8.2
Lake,2006,"2,682","2,496",186,6.9
Lake,2007,"2,684","2,521",163,6.1
Lake,2008,"2,675","2,470",205,7.7
Lake,2009,"2,661","2,369",292,11
Lake,2010,"2,735","2,443",292,10.7
Lauderdale,2001,"11,038","10,151",887,8
Lauderdale,2002,"10,567","9,682",885,8.4
Lauderdale,2003,"10,424","9,298","1,126",10.8
Lauderdale,2004,"9,988","8,989",999,10
Lauderdale,2005,"9,722","8,872",850,8.7
Lauderdale,2006,"9,983","9,182",801,8
Lauderdale,2007,"10,342","9,633",709,6.9
Lauderdale,2008,"10,358","9,070","1,288",12.4
Lauderdale,2009,"10,404","8,461","1,943",18.7
Lauderdale,2010,"9,965","8,397","1,568",15.7
Lawrence,2001,"18,680","16,907","1,773",9.5
Lawrence,2002,"18,528","16,897","1,631",8.8
Lawrence,2003,"18,730","16,977","1,753",9.4
Lawrence,2004,"18,064","16,476","1,588",8.8
Lawrence,2005,"17,502","15,737","1,765",10.1
Lawrence,2006,"17,018","15,096","1,922",11.3
Lawrence,2007,"16,549","15,155","1,394",8.4
Lawrence,2008,"16,633","15,001","1,632",9.8
Lawrence,2009,"16,857","14,275","2,582",15.3
Lawrence,2010,"16,542","14,167","2,375",14.4
Lewis,2001,"5,290","4,931",359,6.8
Lewis,2002,"5,334","4,950",384,7.2
Lewis,2003,"5,377","4,938",439,8.2
Lewis,2004,"5,239","4,870",369,7
Lewis,2005,"5,179","4,688",491,9.5
Lewis,2006,"5,263","4,884",379,7.2
Lewis,2007,"5,371","4,965",406,7.6
Lewis,2008,"5,465","4,915",550,10.1
Lewis,2009,"5,572","4,702",870,15.6
Lewis,2010,"5,481","4,676",805,14.7
Lincoln,2001,"15,884","15,177",707,4.5
Lincoln,2002,"16,092","15,356",736,4.6
Lincoln,2003,"16,025","15,171",854,5.3
Lincoln,2004,"15,996","15,153",843,5.3
Lincoln,2005,"16,612","15,821",791,4.8
Lincoln,2006,"17,137","16,416",721,4.2
Lincoln,2007,"17,278","16,637",641,3.7
Lincoln,2008,"17,221","16,370",851,4.9
Lincoln,2009,"17,094","15,875","1,219",7.1
Lincoln,2010,"17,347","16,219","1,128",6.5
Loudon,2001,"20,188","19,326",862,4.3
Loudon,2002,"20,806","19,786","1,020",4.9
Loudon,2003,"21,093","20,067","1,026",4.9
Loudon,2004,"21,385","20,413",972,4.5
Loudon,2005,"21,930","20,906","1,024",4.7
Loudon,2006,"22,726","21,720","1,006",4.4
Loudon,2007,"22,971","22,041",930,4
Loudon,2008,"23,572","22,236","1,336",5.7
Loudon,2009,"23,647","21,372","2,275",9.6
Loudon,2010,"23,640","21,674","1,966",8.3
Macon,2001,"10,480","9,875",605,5.8
Macon,2002,"10,223","9,648",575,5.6
Macon,2003,"10,434","9,700",734,7
Macon,2004,"10,416","9,841",575,5.5
Macon,2005,"10,587","9,982",605,5.7
Macon,2006,"10,909","10,161",748,6.9
Macon,2007,"10,430","9,781",649,6.2
Macon,2008,"10,642","9,754",888,8.3
Macon,2009,"10,622","9,325","1,297",12.2
Macon,2010,"10,552","9,497","1,055",10
Madison,2001,"46,054","43,695","2,359",5.1
Madison,2002,"45,790","43,058","2,732",6
Madison,2003,"46,231","43,449","2,782",6
Madison,2004,"46,380","43,780","2,600",5.6
Madison,2005,"47,000","44,372","2,628",5.6
Madison,2006,"48,022","45,429","2,593",5.4
Madison,2007,"48,352","45,868","2,484",5.1
Madison,2008,"48,695","45,408","3,287",6.8
Madison,2009,"48,358","43,249","5,109",10.6
Madison,2010,"48,373","43,535","4,838",10
Marion,2001,"13,055","12,360",695,5.3
Marion,2002,"12,988","12,159",829,6.4
Marion,2003,"12,842","12,093",749,5.8
Marion,2004,"12,822","12,010",812,6.3
Marion,2005,"12,884","12,088",796,6.2
Marion,2006,"13,170","12,415",755,5.7
Marion,2007,"12,980","12,183",797,6.1
Marion,2008,"13,044","12,043","1,001",7.7
Marion,2009,"12,701","11,149","1,552",12.2
Marion,2010,"12,637","11,305","1,332",10.5
Marshall,2001,"13,862","13,124",738,5.3
Marshall,2002,"13,944","13,196",748,5.4
Marshall,2003,"13,243","11,924","1,319",10
Marshall,2004,"12,778","11,870",908,7.1
Marshall,2005,"12,541","11,729",812,6.5
Marshall,2006,"12,716","11,908",808,6.4
Marshall,2007,"12,905","11,895","1,010",7.8
Marshall,2008,"12,598","11,431","1,167",9.3
Marshall,2009,"12,496","10,336","2,160",17.3
Marshall,2010,"12,353","10,324","2,029",16.4
Maury,2001,"36,639","35,093","1,546",4.2
Maury,2002,"36,708","34,923","1,785",4.9
Maury,2003,"36,687","34,422","2,265",6.2
Maury,2004,"36,108","34,126","1,982",5.5
Maury,2005,"36,113","33,938","2,175",6
Maury,2006,"36,650","34,638","2,012",5.5
Maury,2007,"36,454","33,495","2,959",8.1
Maury,2008,"37,593","34,535","3,058",8.1
Maury,2009,"37,347","32,238","5,109",13.7
Maury,2010,"36,061","30,866","5,195",14.4
McMinn,2001,"23,393","21,768","1,625",6.9
McMinn,2002,"23,479","21,685","1,794",7.6
McMinn,2003,"23,951","22,155","1,796",7.5
McMinn,2004,"23,737","22,162","1,575",6.6
McMinn,2005,"24,075","22,606","1,469",6.1
McMinn,2006,"24,787","23,374","1,413",5.7
McMinn,2007,"24,569","23,156","1,413",5.8
McMinn,2008,"24,043","21,939","2,104",8.8
McMinn,2009,"23,533","20,261","3,272",13.9
McMinn,2010,"23,198","20,312","2,886",12.4
McNairy,2001,"11,995","11,279",716,6
McNairy,2002,"12,129","11,338",791,6.5
McNairy,2003,"12,200","11,352",848,7
McNairy,2004,"12,244","11,499",745,6.1
McNairy,2005,"12,353","11,611",742,6
McNairy,2006,"12,324","11,568",756,6.1
McNairy,2007,"12,255","11,491",764,6.2
McNairy,2008,"11,526","10,478","1,048",9.1
McNairy,2009,"11,067","9,529","1,538",13.9
McNairy,2010,"10,969","9,627","1,342",12.2
Meigs,2001,"4,827","4,500",327,6.8
Meigs,2002,"4,840","4,452",388,8
Meigs,2003,"4,820","4,434",386,8
Meigs,2004,"4,824","4,468",356,7.4
Meigs,2005,"4,811","4,460",351,7.3
Meigs,2006,"4,886","4,552",334,6.8
Meigs,2007,"4,865","4,549",316,6.5
Meigs,2008,"4,970","4,528",442,8.9
Meigs,2009,"5,131","4,388",743,14.5
Meigs,2010,"5,171","4,513",658,12.7
Monroe,2001,"17,416","16,145","1,271",7.3
Monroe,2002,"17,346","15,949","1,397",8.1
Monroe,2003,"17,732","16,330","1,402",7.9
Monroe,2004,"18,098","16,918","1,180",6.5
Monroe,2005,"18,703","17,564","1,139",6.1
Monroe,2006,"19,548","18,421","1,127",5.8
Monroe,2007,"19,368","18,188","1,180",6.1
Monroe,2008,"18,968","17,082","1,886",9.9
Monroe,2009,"18,749","15,488","3,261",17.4
Monroe,2010,"18,417","15,883","2,534",13.8
Montgomery,2001,"59,957","57,259","2,698",4.5
Montgomery,2002,"60,880","57,704","3,176",5.2
Montgomery,2003,"62,354","59,186","3,168",5.1
Montgomery,2004,"64,226","61,137","3,089",4.8
Montgomery,2005,"66,003","62,733","3,270",5
Montgomery,2006,"68,941","65,696","3,245",4.7
Montgomery,2007,"67,933","64,602","3,331",4.9
Montgomery,2008,"68,037","63,752","4,285",6.3
Montgomery,2009,"69,315","63,192","6,123",8.8
Montgomery,2010,"71,488","64,976","6,512",9.1
Moore,2001,"2,999","2,887",112,3.7
Moore,2002,"3,093","2,982",111,3.6
Moore,2003,"3,132","3,012",120,3.8
Moore,2004,"3,148","3,009",139,4.4
Moore,2005,"3,127","2,982",145,4.6
Moore,2006,"3,130","2,982",148,4.7
Moore,2007,"3,151","3,015",136,4.3
Moore,2008,"3,167","2,990",177,5.6
Moore,2009,"3,050","2,762",288,9.4
Moore,2010,"3,079","2,783",296,9.6
Morgan,2001,"7,743","7,259",484,6.3
Morgan,2002,"8,135","7,363",772,9.5
Morgan,2003,"8,099","7,433",666,8.2
Morgan,2004,"8,141","7,510",631,7.8
Morgan,2005,"8,223","7,605",618,7.5
Morgan,2006,"8,337","7,780",557,6.7
Morgan,2007,"8,380","7,876",504,6
Morgan,2008,"8,570","7,917",653,7.6
Morgan,2009,"8,808","7,817",991,11.3
Morgan,2010,"8,837","7,894",943,10.7
Obion,2001,"16,571","15,795",776,4.7
Obion,2002,"16,734","15,890",844,5
Obion,2003,"16,260","15,099","1,161",7.1
Obion,2004,"15,780","14,759","1,021",6.5
Obion,2005,"15,558","14,619",939,6
Obion,2006,"15,768","14,889",879,5.6
Obion,2007,"15,526","14,630",896,5.8
Obion,2008,"15,608","14,510","1,098",7
Obion,2009,"15,194","13,641","1,553",10.2
Obion,2010,"15,119","13,651","1,468",9.7
Overton,2001,"9,559","8,952",607,6.4
Overton,2002,"9,565","8,947",618,6.5
Overton,2003,"9,654","9,036",618,6.4
Overton,2004,"9,896","9,336",560,5.7
Overton,2005,"9,830","9,257",573,5.8
Overton,2006,"10,014","9,343",671,6.7
Overton,2007,"10,060","9,305",755,7.5
Overton,2008,"10,118","9,208",910,9
Overton,2009,"10,098","8,757","1,341",13.3
Overton,2010,"9,945","8,892","1,053",10.6
Perry,2001,"3,366","3,124",242,7.2
Perry,2002,"3,212","2,977",235,7.3
Perry,2003,"3,198","2,975",223,7
Perry,2004,"3,191","2,976",215,6.7
Perry,2005,"3,297","3,059",238,7.2
Perry,2006,"3,288","3,069",219,6.7
Perry,2007,"3,118","2,870",248,8
Perry,2008,"2,981","2,503",478,16
Perry,2009,"2,826","2,179",647,22.9
Perry,2010,"2,680","2,254",426,15.9
Pickett,2001,"2,149","1,954",195,9.1
Pickett,2002,"2,064","1,865",199,9.6
Pickett,2003,"2,016","1,837",179,8.9
Pickett,2004,"1,934","1,765",169,8.7
Pickett,2005,"1,862","1,703",159,8.5
Pickett,2006,"1,889","1,730",159,8.4
Pickett,2007,"1,913","1,752",161,8.4
Pickett,2008,"1,894","1,690",204,10.8
Pickett,2009,"1,820","1,548",272,14.9
Pickett,2010,"1,851","1,587",264,14.3
Polk,2001,"7,403","7,036",367,5
Polk,2002,"7,307","6,875",432,5.9
Polk,2003,"7,359","6,907",452,6.1
Polk,2004,"7,290","6,874",416,5.7
Polk,2005,"7,312","6,878",434,5.9
Polk,2006,"7,373","6,958",415,5.6
Polk,2007,"7,051","6,682",369,5.2
Polk,2008,"7,042","6,474",568,8.1
Polk,2009,"7,076","6,190",886,12.5
Polk,2010,"7,072","6,252",820,11.6
Putnam,2001,"31,702","30,191","1,511",4.8
Putnam,2002,"32,347","30,571","1,776",5.5
Putnam,2003,"33,078","31,413","1,665",5
Putnam,2004,"34,008","32,445","1,563",4.6
Putnam,2005,"34,155","32,439","1,716",5
Putnam,2006,"35,248","33,231","2,017",5.7
Putnam,2007,"35,164","33,505","1,659",4.7
Putnam,2008,"36,077","33,746","2,331",6.5
Putnam,2009,"36,004","32,533","3,471",9.6
Putnam,2010,"36,299","33,034","3,265",9
Rhea,2001,"12,856","12,124",732,5.7
Rhea,2002,"12,882","12,129",753,5.8
Rhea,2003,"13,154","12,361",793,6
Rhea,2004,"13,320","12,466",854,6.4
Rhea,2005,"13,312","12,410",902,6.8
Rhea,2006,"13,283","12,448",835,6.3
Rhea,2007,"13,000","12,215",785,6
Rhea,2008,"13,451","12,376","1,075",8
Rhea,2009,"13,460","11,651","1,809",13.4
Rhea,2010,"13,279","11,601","1,678",12.6
Roane,2001,"24,987","23,798","1,189",4.8
Roane,2002,"25,405","24,009","1,396",5.5
Roane,2003,"25,534","24,128","1,406",5.5
Roane,2004,"25,203","23,738","1,465",5.8
Roane,2005,"25,918","24,404","1,514",5.8
Roane,2006,"26,758","25,313","1,445",5.4
Roane,2007,"26,691","25,467","1,224",4.6
Roane,2008,"27,249","25,642","1,607",5.9
Roane,2009,"27,476","24,986","2,490",9.1
Roane,2010,"27,738","25,515","2,223",8
Robertson,2001,"30,055","28,748","1,307",4.3
Robertson,2002,"30,219","28,694","1,525",5
Robertson,2003,"30,700","29,102","1,598",5.2
Robertson,2004,"31,091","29,580","1,511",4.9
Robertson,2005,"31,878","30,326","1,552",4.9
Robertson,2006,"33,008","31,537","1,471",4.5
Robertson,2007,"32,636","31,154","1,482",4.5
Robertson,2008,"33,498","31,433","2,065",6.2
Robertson,2009,"33,969","30,521","3,448",10.2
Robertson,2010,"34,045","31,083","2,962",8.7
Rutherford,2001,"105,185","101,212","3,973",3.8
Rutherford,2002,"106,733","102,247","4,486",4.2
Rutherford,2003,"110,210","105,345","4,865",4.4
Rutherford,2004,"113,982","109,238","4,744",4.2
Rutherford,2005,"119,257","114,275","4,982",4.2
Rutherford,2006,"126,041","120,954","5,087",4
Rutherford,2007,"128,778","123,802","4,976",3.9
Rutherford,2008,"133,581","125,837","7,744",5.8
Rutherford,2009,"135,844","122,816","13,028",9.6
Rutherford,2010,"136,961","125,078","11,883",8.7
Scott,2001,"8,805","8,196",609,6.9
Scott,2002,"8,537","7,615",922,10.8
Scott,2003,"8,465","7,634",831,9.8
Scott,2004,"8,412","7,790",622,7.4
Scott,2005,"8,545","7,953",592,6.9
Scott,2006,"8,747","8,159",588,6.7
Scott,2007,"8,659","8,027",632,7.3
Scott,2008,"8,541","7,553",988,11.6
Scott,2009,"8,511","6,959","1,552",18.2
Scott,2010,"8,302","6,735","1,567",18.9
Sequatchie,2001,"5,397","5,133",264,4.9
Sequatchie,2002,"5,442","5,167",275,5.1
Sequatchie,2003,"5,529","5,238",291,5.3
Sequatchie,2004,"5,657","5,350",307,5.4
Sequatchie,2005,"5,866","5,531",335,5.7
Sequatchie,2006,"6,057","5,782",275,4.5
Sequatchie,2007,"6,100","5,793",307,5
Sequatchie,2008,"6,271","5,794",477,7.6
Sequatchie,2009,"6,306","5,532",774,12.3
Sequatchie,2010,"6,269","5,609",660,10.5
Sevier,2001,"40,126","37,886","2,240",5.6
Sevier,2002,"40,950","38,518","2,432",5.9
Sevier,2003,"42,936","40,365","2,571",6
Sevier,2004,"44,128","41,368","2,760",6.3
Sevier,2005,"45,540","42,782","2,758",6.1
Sevier,2006,"47,161","44,578","2,583",5.5
Sevier,2007,"47,691","45,232","2,459",5.2
Sevier,2008,"48,498","45,064","3,434",7.1
Sevier,2009,"48,727","43,473","5,254",10.8
Sevier,2010,"49,191","44,143","5,048",10.3
Shelby,2001,"438,823","419,189","19,634",4.5
Shelby,2002,"434,196","410,834","23,362",5.4
Shelby,2003,"436,201","409,967","26,234",6
Shelby,2004,"430,456","404,197","26,259",6.1
Shelby,2005,"434,479","407,357","27,122",6.2
Shelby,2006,"440,687","415,365","25,322",5.7
Shelby,2007,"440,701","417,497","23,204",5.3
Shelby,2008,"440,238","409,742","30,496",6.9
Shelby,2009,"438,004","394,017","43,987",10
Shelby,2010,"432,370","389,076","43,294",10
Smith,2001,"8,914","8,469",445,5
Smith,2002,"8,833","8,379",454,5.1
Smith,2003,"9,171","8,414",757,8.3
Smith,2004,"9,065","8,451",614,6.8
Smith,2005,"9,163","8,610",553,6
Smith,2006,"9,280","8,742",538,5.8
Smith,2007,"9,024","8,522",502,5.6
Smith,2008,"9,265","8,508",757,8.2
Smith,2009,"9,353","8,091","1,262",13.5
Smith,2010,"9,199","8,240",959,10.4
Stewart,2001,"5,606","5,297",309,5.5
Stewart,2002,"5,744","5,371",373,6.5
Stewart,2003,"5,833","5,435",398,6.8
Stewart,2004,"5,885","5,490",395,6.7
Stewart,2005,"5,942","5,502",440,7.4
Stewart,2006,"6,256","5,778",478,7.6
Stewart,2007,"5,819","5,449",370,6.4
Stewart,2008,"5,931","5,424",507,8.5
Stewart,2009,"5,912","5,213",699,11.8
Stewart,2010,"6,077","5,360",717,11.8
Sullivan,2001,"73,309","70,137","3,172",4.3
Sullivan,2002,"73,129","69,274","3,855",5.3
Sullivan,2003,"73,747","69,516","4,231",5.7
Sullivan,2004,"72,221","68,159","4,062",5.6
Sullivan,2005,"72,399","68,619","3,780",5.2
Sullivan,2006,"73,631","70,282","3,349",4.5
Sullivan,2007,"72,991","69,967","3,024",4.1
Sullivan,2008,"74,660","70,692","3,968",5.3
Sullivan,2009,"74,973","68,423","6,550",8.7
Sullivan,2010,"74,835","68,516","6,319",8.4
Sumner,2001,"71,826","68,521","3,305",4.6
Sumner,2002,"71,647","68,354","3,293",4.6
Sumner,2003,"72,697","69,262","3,435",4.7
Sumner,2004,"74,079","70,758","3,321",4.5
Sumner,2005,"76,287","72,765","3,522",4.6
Sumner,2006,"79,008","75,704","3,304",4.2
Sumner,2007,"78,404","75,058","3,346",4.3
Sumner,2008,"80,016","75,233","4,783",6
Sumner,2009,"80,573","72,710","7,863",9.8
Sumner,2010,"81,144","74,050","7,094",8.7
Tipton,2001,"25,797","24,578","1,219",4.7
Tipton,2002,"25,724","24,280","1,444",5.6
Tipton,2003,"26,177","24,482","1,695",6.5
Tipton,2004,"25,971","24,323","1,648",6.3
Tipton,2005,"26,777","25,049","1,728",6.5
Tipton,2006,"27,647","26,104","1,543",5.6
Tipton,2007,"27,911","26,416","1,495",5.4
Tipton,2008,"28,748","26,479","2,269",7.9
Tipton,2009,"29,002","25,429","3,573",12.3
Tipton,2010,"28,190","25,110","3,080",10.9
Trousdale,2001,"3,605","3,400",205,5.7
Trousdale,2002,"3,523","3,340",183,5.2
Trousdale,2003,"3,563","3,354",209,5.9
Trousdale,2004,"3,585","3,377",208,5.8
Trousdale,2005,"3,718","3,471",247,6.6
Trousdale,2006,"3,796","3,566",230,6.1
Trousdale,2007,"3,637","3,422",215,5.9
Trousdale,2008,"3,722","3,411",311,8.4
Trousdale,2009,"3,717","3,270",447,12
Trousdale,2010,"3,719","3,330",389,10.5
Unicoi,2001,"8,166","7,664",502,6.1
Unicoi,2002,"8,155","7,590",565,6.9
Unicoi,2003,"8,239","7,680",559,6.8
Unicoi,2004,"8,282","7,756",526,6.4
Unicoi,2005,"8,249","7,736",513,6.2
Unicoi,2006,"8,383","7,861",522,6.2
Unicoi,2007,"8,315","7,862",453,5.4
Unicoi,2008,"8,437","7,810",627,7.4
Unicoi,2009,"8,468","7,492",976,11.5
Unicoi,2010,"8,455","7,577",878,10.4
Union,2001,"8,408","8,042",366,4.4
Union,2002,"8,577","8,169",408,4.8
Union,2003,"8,675","8,233",442,5.1
Union,2004,"8,718","8,270",448,5.1
Union,2005,"8,830","8,336",494,5.6
Union,2006,"8,869","8,436",433,4.9
Union,2007,"8,704","8,302",402,4.6
Union,2008,"8,806","8,252",554,6.3
Union,2009,"8,909","7,950",959,10.8
Union,2010,"8,888","8,062",826,9.3
Van Buren,2001,"2,616","2,449",167,6.4
Van Buren,2002,"2,518","2,342",176,7
Van Buren,2003,"2,502","2,312",190,7.6
Van Buren,2004,"2,484","2,325",159,6.4
Van Buren,2005,"2,489","2,274",215,8.6
Van Buren,2006,"2,504","2,305",199,7.9
Van Buren,2007,"2,472","2,319",153,6.2
Van Buren,2008,"2,508","2,299",209,8.3
Van Buren,2009,"2,450","2,088",362,14.8
Van Buren,2010,"2,337","2,026",311,13.3
Warren,2001,"18,827","17,561","1,266",6.7
Warren,2002,"19,348","18,071","1,277",6.6
Warren,2003,"19,628","18,474","1,154",5.9
Warren,2004,"19,297","18,276","1,021",5.3
Warren,2005,"18,567","17,090","1,477",8
Warren,2006,"18,282","16,641","1,641",9
Warren,2007,"17,699","16,525","1,174",6.6
Warren,2008,"17,515","16,027","1,488",8.5
Warren,2009,"17,137","14,694","2,443",14.3
Warren,2010,"17,100","15,139","1,961",11.5
Washington,2001,"55,350","52,651","2,699",4.9
Washington,2002,"55,720","52,683","3,037",5.5
Washington,2003,"56,498","53,532","2,966",5.2
Washington,2004,"57,609","54,694","2,915",5.1
Washington,2005,"58,497","55,617","2,880",4.9
Washington,2006,"59,840","57,129","2,711",4.5
Washington,2007,"60,739","58,185","2,554",4.2
Washington,2008,"62,225","58,717","3,508",5.6
Washington,2009,"62,602","57,190","5,412",8.6
Washington,2010,"63,044","57,837","5,207",8.3
Wayne,2001,"6,747","6,113",634,9.4
Wayne,2002,"6,766","6,158",608,9
Wayne,2003,"6,686","6,015",671,10
Wayne,2004,"6,611","6,038",573,8.7
Wayne,2005,"6,583","5,781",802,12.2
Wayne,2006,"6,610","5,922",688,10.4
Wayne,2007,"6,587","6,082",505,7.7
Wayne,2008,"6,644","5,974",670,10.1
Wayne,2009,"6,689","5,797",892,13.3
Wayne,2010,"6,627","5,793",834,12.6
Weakley,2001,"17,098","16,073","1,025",6
Weakley,2002,"16,990","15,914","1,076",6.3
Weakley,2003,"16,449","15,089","1,360",8.3
Weakley,2004,"15,708","14,539","1,169",7.4
Weakley,2005,"15,504","14,422","1,082",7
Weakley,2006,"15,657","14,590","1,067",6.8
Weakley,2007,"15,531","14,478","1,053",6.8
Weakley,2008,"15,662","14,378","1,284",8.2
Weakley,2009,"15,940","13,967","1,973",12.4
Weakley,2010,"15,808","13,980","1,828",11.6
White,2001,"10,600","9,963",637,6
White,2002,"10,512","9,807",705,6.7
White,2003,"10,744","9,899",845,7.9
White,2004,"10,854","10,199",655,6
White,2005,"10,929","9,861","1,068",9.8
White,2006,"10,813","9,831",982,9.1
White,2007,"10,470","9,812",658,6.3
White,2008,"10,627","9,736",891,8.4
White,2009,"10,674","9,172","1,502",14.1
White,2010,"10,897","9,600","1,297",11.9
Williamson,2001,"71,567","69,506","2,061",2.9
Williamson,2002,"72,700","70,153","2,547",3.5
Williamson,2003,"75,180","72,434","2,746",3.7
Williamson,2004,"78,043","75,176","2,867",3.7
Williamson,2005,"82,099","78,955","3,144",3.8
Williamson,2006,"86,499","83,451","3,048",3.5
Williamson,2007,"86,958","83,639","3,319",3.8
Williamson,2008,"89,098","84,990","4,108",4.6
Williamson,2009,"89,675","82,967","6,708",7.5
Williamson,2010,"90,915","84,495","6,420",7.1
Wilson,2001,"50,535","48,610","1,925",3.8
Wilson,2002,"50,837","48,628","2,209",4.3
Wilson,2003,"52,005","49,567","2,438",4.7
Wilson,2005,"54,895","52,388","2,507",4.6
Wilson,2006,"57,310","54,754","2,556",4.5
Wilson,2007,"56,679","54,295","2,384",4.2
Wilson,2008,"58,555","55,192","3,363",5.7
Wilson,2009,"58,727","53,462","5,265",9
Wilson,2010,"59,362","54,446","4,916",8.3
